<?xml version="1.0" encoding="UTF-8"?>
<HUDLAYOUTS>
  <CONFIG desc="Number of layout choices" value="13"/>
  <DESCRIPTION desc="Sat indicator"/>
  <DESCRIPTION desc="Direction to home"/>
  <DESCRIPTION desc="Distance"/>
  <DESCRIPTION desc="Speed"/>
  <DESCRIPTION desc="Angle to home"/>
  <DESCRIPTION desc="GPS altitude"/>
  <DESCRIPTION desc="Sensor"/>
  <DESCRIPTION desc="Heading"/>
  <DESCRIPTION desc="Compass"/>
  <DESCRIPTION desc="Altitude"/>
  <DESCRIPTION desc="Climb Rate"/>
  <DESCRIPTION desc="Throttle"/>
  <DESCRIPTION desc="Unused"/>
  <DESCRIPTION desc="Timer"/>
  <DESCRIPTION desc="Armed Status"/>
  <DESCRIPTION desc="Pitch Angle"/>
  <DESCRIPTION desc="Roll Angle"/>
  <DESCRIPTION desc="Latitude"/>
  <DESCRIPTION desc="Longitude"/>
  <DESCRIPTION desc="RSSI"/>
  <DESCRIPTION desc="Temperature"/>
  <DESCRIPTION desc="Voltage - main"/>
  <DESCRIPTION desc="Voltage - video"/>
  <DESCRIPTION desc="Amps"/>
  <DESCRIPTION desc="mAh"/>
  <DESCRIPTION desc="AHI-horizon"/>
  <DESCRIPTION desc="AHI-sidebars"/>
  <DESCRIPTION desc="AHI-change icon"/>
  <DESCRIPTION desc="Sidebar Height"/>
  <DESCRIPTION desc="Sidebar Width"/>
  <DESCRIPTION desc="Gimbal"/>
  <DESCRIPTION desc="GPS time"/>
  <DESCRIPTION desc="FRSky cells"/>
  <DESCRIPTION desc="Mode"/>
  <DESCRIPTION desc="Map mode"/>
  <DESCRIPTION desc="Map center"/>
  <DESCRIPTION desc="AP status"/>
  <DESCRIPTION desc="Watts"/>
  <DESCRIPTION desc="Glidescope"/>
  <DESCRIPTION desc="Call Sign"/>
  <DESCRIPTION desc="Debug"/>
  <HUDNAME hudname="Shiki default"/>
  <HUDNAME hudname="Shiki minimal"/>
  <HUDNAME hudname="EZ"/>
  <HUDNAME hudname="Clear"/>
  <HUDNAME hudname="MAP"/>
  <HUDNAME hudname="F15"/>
  <HUDNAME hudname="Embraer"/>
  <HUDNAME hudname="NAHI"/>
  <HUDNAME hudname="Groundstation"/>
  <HUDNAME hudname="Standalone"/>
  <HUDNAME hudname="250 class"/>
  <HUDNAME hudname="Aerial Photography"/>
  <HUDNAME hudname="EAGLE"/>
  <LAYOUT desc="Sat indicator" enabled="1" hud="0" hudname="Shiki" value="32"/>
  <LAYOUT desc="Direction to home" enabled="1" hud="0" hudname="Shiki" value="51"/>
  <LAYOUT desc="Distance" enabled="1" hud="0" hudname="Shiki" value="54"/>
  <LAYOUT desc="Speed" enabled="1" hud="0" hudname="Shiki" value="183"/>
  <LAYOUT desc="Angle to home" enabled="1" hud="0" hudname="Shiki" value="144"/>
  <LAYOUT desc="GPS altitude" enabled="1" hud="0" hudname="Shiki" value="84"/>
  <LAYOUT desc="Sensor" enabled="1" hud="0" hudname="Shiki" value="36"/>
  <LAYOUT desc="Heading" enabled="1" hud="0" hudname="Shiki" value="114"/>
  <LAYOUT desc="Compass" enabled="1" hud="0" hudname="Shiki" value="40"/>
  <LAYOUT desc="Altitude" enabled="1" hud="0" hudname="Shiki" value="203"/>
  <LAYOUT desc="Climb Rate" enabled="1" hud="0" hudname="Shiki" value="202"/>
  <LAYOUT desc="Throttle" enabled="1" hud="0" hudname="Shiki" value="352"/>
  <LAYOUT desc="Unused" enabled="1" hud="0" hudname="Shiki" value="382"/>
  <LAYOUT desc="Timer" enabled="1" hud="0" hudname="Shiki" value="382"/>
  <LAYOUT desc="Armed Status" enabled="1" hud="0" hudname="Shiki" value="311"/>
  <LAYOUT desc="Pitch Angle" enabled="0" hud="0" hudname="Shiki" value="233"/>
  <LAYOUT desc="Roll Angle" enabled="0" hud="0" hudname="Shiki" value="263"/>
  <LAYOUT desc="Latitude" enabled="1" hud="0" hudname="Shiki" value="2"/>
  <LAYOUT desc="Longitude" enabled="1" hud="0" hudname="Shiki" value="17"/>
  <LAYOUT desc="RSSI" enabled="1" hud="0" hudname="Shiki" value="333"/>
  <LAYOUT desc="Temperature" enabled="0" hud="0" hudname="Shiki" value="213"/>
  <LAYOUT desc="Voltage - main" enabled="1" hud="0" hudname="Shiki" value="363"/>
  <LAYOUT desc="Voltage - video" enabled="1" hud="0" hudname="Shiki" value="303"/>
  <LAYOUT desc="Amps" enabled="1" hud="0" hudname="Shiki" value="369"/>
  <LAYOUT desc="mAh" enabled="1" hud="0" hudname="Shiki" value="376"/>
  <LAYOUT desc="AHI-horizon" enabled="1" hud="0" hudname="Shiki" value="194"/>
  <LAYOUT desc="AHI-sidebars" enabled="1" hud="0" hudname="Shiki" value="187"/>
  <LAYOUT desc="AHI-change icon" enabled="1" hud="0" hudname="Shiki" value="187"/>
  <LAYOUT desc="Sidebar Height" enabled="1" hud="0" hudname="Shiki" value="3"/>
  <LAYOUT desc="Sidebar Width" enabled="1" hud="0" hudname="Shiki" value="7"/>
  <LAYOUT desc="Gimbal" enabled="1" hud="0" hudname="Shiki" value="122"/>
  <LAYOUT desc="GPS time" enabled="1" hud="0" hudname="Shiki" value="341"/>
  <LAYOUT desc="FRSky cells" enabled="1" hud="0" hudname="Shiki" value="232"/>
  <LAYOUT desc="Mode" enabled="1" hud="0" hudname="Shiki" value="92"/>
  <LAYOUT desc="Map mode" enabled="0" hud="0" hudname="Shiki" value="46"/>
  <LAYOUT desc="Map center" enabled="1" hud="0" hudname="Shiki" value="195"/>
  <LAYOUT desc="AP status" enabled="0" hud="0" hudname="Shiki" value="70"/>
  <LAYOUT desc="Watts" enabled="0" hud="0" hudname="Shiki" value="339"/>
  <LAYOUT desc="Glidescope" enabled="1" hud="0" hudname="Shiki" value="186"/>
  <LAYOUT desc="Call Sign" enabled="1" hud="0" hudname="Shiki" value="280"/>
  <LAYOUT desc="Debug" enabled="1" hud="0" hudname="Shiki" value="220"/>
  <LAYOUT desc="Sat indicator" enabled="0" hud="1" hudname="Minimal" value="32"/>
  <LAYOUT desc="Direction to home" enabled="1" hud="1" hudname="Minimal" value="380"/>
  <LAYOUT desc="Distance" enabled="0" hud="1" hudname="Minimal" value="42"/>
  <LAYOUT desc="Speed" enabled="0" hud="1" hudname="Minimal" value="33"/>
  <LAYOUT desc="Angle to home" enabled="0" hud="1" hudname="Minimal" value="144"/>
  <LAYOUT desc="GPS altitude" enabled="0" hud="1" hudname="Minimal" value="234"/>
  <LAYOUT desc="Sensor" enabled="0" hud="1" hudname="Minimal" value="36"/>
  <LAYOUT desc="Heading" enabled="0" hud="1" hudname="Minimal" value="234"/>
  <LAYOUT desc="Compass" enabled="0" hud="1" hudname="Minimal" value="39"/>
  <LAYOUT desc="Altitude" enabled="0" hud="1" hudname="Minimal" value="53"/>
  <LAYOUT desc="Climb Rate" enabled="0" hud="1" hudname="Minimal" value="203"/>
  <LAYOUT desc="Throttle" enabled="0" hud="1" hudname="Minimal" value="352"/>
  <LAYOUT desc="Unused" enabled="1" hud="1" hudname="Minimal" value="382"/>
  <LAYOUT desc="Timer" enabled="1" hud="1" hudname="Minimal" value="382"/>
  <LAYOUT desc="Armed Status" enabled="1" hud="1" hudname="Minimal" value="311"/>
  <LAYOUT desc="Pitch Angle" enabled="0" hud="1" hudname="Minimal" value="272"/>
  <LAYOUT desc="Roll Angle" enabled="0" hud="1" hudname="Minimal" value="285"/>
  <LAYOUT desc="Latitude" enabled="0" hud="1" hudname="Minimal" value="2"/>
  <LAYOUT desc="Longitude" enabled="0" hud="1" hudname="Minimal" value="17"/>
  <LAYOUT desc="RSSI" enabled="0" hud="1" hudname="Minimal" value="332"/>
  <LAYOUT desc="Temperature" enabled="0" hud="1" hudname="Minimal" value="212"/>
  <LAYOUT desc="Voltage - main" enabled="1" hud="1" hudname="Minimal" value="363"/>
  <LAYOUT desc="Voltage - video" enabled="0" hud="1" hudname="Minimal" value="303"/>
  <LAYOUT desc="Amps" enabled="1" hud="1" hudname="Minimal" value="374"/>
  <LAYOUT desc="mAh" enabled="1" hud="1" hudname="Minimal" value="369"/>
  <LAYOUT desc="AHI-horizon" enabled="0" hud="1" hudname="Minimal" value="194"/>
  <LAYOUT desc="AHI-sidebars" enabled="0" hud="1" hudname="Minimal" value="187"/>
  <LAYOUT desc="AHI-change icon" enabled="0" hud="1" hudname="Minimal" value="187"/>
  <LAYOUT desc="Sidebar Height" enabled="1" hud="1" hudname="Minimal" value="3"/>
  <LAYOUT desc="Sidebar Width" enabled="1" hud="1" hudname="Minimal" value="7"/>
  <LAYOUT desc="Gimbal" enabled="0" hud="1" hudname="Minimal" value="122"/>
  <LAYOUT desc="GPS time" enabled="0" hud="1" hudname="Minimal" value="341"/>
  <LAYOUT desc="FRSky cells" enabled="0" hud="1" hudname="Minimal" value="232"/>
  <LAYOUT desc="Mode" enabled="0" hud="1" hudname="Minimal" value="212"/>
  <LAYOUT desc="Map mode" enabled="0" hud="1" hudname="Minimal" value="46"/>
  <LAYOUT desc="Map center" enabled="0" hud="1" hudname="Minimal" value="195"/>
  <LAYOUT desc="AP status" enabled="0" hud="1" hudname="Minimal" value="195"/>
  <LAYOUT desc="Watts" enabled="0" hud="1" hudname="Minimal" value="339"/>
  <LAYOUT desc="Glidescope" enabled="0" hud="1" hudname="Minimal" value="186"/>
  <LAYOUT desc="Call Sign" enabled="0" hud="1" hudname="Minimal" value="280"/>
  <LAYOUT desc="Debug" enabled="0" hud="1" hudname="Minimal" value="220"/>
  <LAYOUT desc="Sat indicator" enabled="0" hud="2" hudname="EZ" value="49"/>
  <LAYOUT desc="Direction to home" enabled="1" hud="2" hudname="EZ" value="48"/>
  <LAYOUT desc="Distance" enabled="1" hud="2" hudname="EZ" value="40"/>
  <LAYOUT desc="Speed" enabled="1" hud="2" hudname="EZ" value="33"/>
  <LAYOUT desc="Angle to home" enabled="0" hud="2" hudname="EZ" value="144"/>
  <LAYOUT desc="GPS altitude" enabled="0" hud="2" hudname="EZ" value="234"/>
  <LAYOUT desc="Sensor" enabled="0" hud="2" hudname="EZ" value="212"/>
  <LAYOUT desc="Heading" enabled="0" hud="2" hudname="EZ" value="234"/>
  <LAYOUT desc="Compass" enabled="0" hud="2" hudname="EZ" value="39"/>
  <LAYOUT desc="Altitude" enabled="1" hud="2" hudname="EZ" value="53"/>
  <LAYOUT desc="Climb Rate" enabled="0" hud="2" hudname="EZ" value="233"/>
  <LAYOUT desc="Throttle" enabled="0" hud="2" hudname="EZ" value="352"/>
  <LAYOUT desc="Unused" enabled="1" hud="2" hudname="EZ" value="382"/>
  <LAYOUT desc="Timer" enabled="1" hud="2" hudname="EZ" value="382"/>
  <LAYOUT desc="Armed Status" enabled="1" hud="2" hudname="EZ" value="311"/>
  <LAYOUT desc="Pitch Angle" enabled="0" hud="2" hudname="EZ" value="272"/>
  <LAYOUT desc="Roll Angle" enabled="0" hud="2" hudname="EZ" value="285"/>
  <LAYOUT desc="Latitude" enabled="1" hud="2" hudname="EZ" value="2"/>
  <LAYOUT desc="Longitude" enabled="1" hud="2" hudname="EZ" value="17"/>
  <LAYOUT desc="RSSI" enabled="0" hud="2" hudname="EZ" value="332"/>
  <LAYOUT desc="Temperature" enabled="0" hud="2" hudname="EZ" value="212"/>
  <LAYOUT desc="Voltage - main" enabled="1" hud="2" hudname="EZ" value="363"/>
  <LAYOUT desc="Voltage - video" enabled="0" hud="2" hudname="EZ" value="303"/>
  <LAYOUT desc="Amps" enabled="1" hud="2" hudname="EZ" value="368"/>
  <LAYOUT desc="mAh" enabled="1" hud="2" hudname="EZ" value="376"/>
  <LAYOUT desc="AHI-horizon" enabled="0" hud="2" hudname="EZ" value="194"/>
  <LAYOUT desc="AHI-sidebars" enabled="0" hud="2" hudname="EZ" value="187"/>
  <LAYOUT desc="AHI-change icon" enabled="0" hud="2" hudname="EZ" value="187"/>
  <LAYOUT desc="Sidebar Height" enabled="1" hud="2" hudname="EZ" value="3"/>
  <LAYOUT desc="Sidebar Width" enabled="1" hud="2" hudname="EZ" value="7"/>
  <LAYOUT desc="Gimbal" enabled="0" hud="2" hudname="EZ" value="122"/>
  <LAYOUT desc="GPS time" enabled="0" hud="2" hudname="EZ" value="341"/>
  <LAYOUT desc="FRSky cells" enabled="0" hud="2" hudname="EZ" value="232"/>
  <LAYOUT desc="Mode" enabled="0" hud="2" hudname="EZ" value="38"/>
  <LAYOUT desc="Map mode" enabled="0" hud="2" hudname="EZ" value="46"/>
  <LAYOUT desc="Map center" enabled="0" hud="2" hudname="EZ" value="195"/>
  <LAYOUT desc="AP status" enabled="0" hud="2" hudname="EZ" value="195"/>
  <LAYOUT desc="Watts" enabled="0" hud="2" hudname="EZ" value="339"/>
  <LAYOUT desc="Glidescope" enabled="0" hud="2" hudname="EZ" value="186"/>
  <LAYOUT desc="Call Sign" enabled="1" hud="2" hudname="EZ" value="280"/>
  <LAYOUT desc="Debug" enabled="1" hud="2" hudname="EZ" value="220"/>
  <LAYOUT desc="Sat indicator" enabled="0" hud="3" hudname="Blank screen" value="49"/>
  <LAYOUT desc="Direction to home" enabled="0" hud="3" hudname="Blank screen" value="48"/>
  <LAYOUT desc="Distance" enabled="0" hud="3" hudname="Blank screen" value="40"/>
  <LAYOUT desc="Speed" enabled="0" hud="3" hudname="Blank screen" value="33"/>
  <LAYOUT desc="Angle to home" enabled="0" hud="3" hudname="Blank screen" value="144"/>
  <LAYOUT desc="GPS altitude" enabled="0" hud="3" hudname="Blank screen" value="234"/>
  <LAYOUT desc="Sensor" enabled="0" hud="3" hudname="Blank screen" value="212"/>
  <LAYOUT desc="Heading" enabled="0" hud="3" hudname="Blank screen" value="234"/>
  <LAYOUT desc="Compass" enabled="0" hud="3" hudname="Blank screen" value="39"/>
  <LAYOUT desc="Altitude" enabled="0" hud="3" hudname="Blank screen" value="53"/>
  <LAYOUT desc="Climb Rate" enabled="0" hud="3" hudname="Blank screen" value="233"/>
  <LAYOUT desc="Throttle" enabled="0" hud="3" hudname="Blank screen" value="352"/>
  <LAYOUT desc="Unused" enabled="0" hud="3" hudname="Blank screen" value="382"/>
  <LAYOUT desc="Timer" enabled="0" hud="3" hudname="Blank screen" value="382"/>
  <LAYOUT desc="Armed Status" enabled="1" hud="3" hudname="Blank screen" value="311"/>
  <LAYOUT desc="Pitch Angle" enabled="0" hud="3" hudname="Blank screen" value="272"/>
  <LAYOUT desc="Roll Angle" enabled="0" hud="3" hudname="Blank screen" value="285"/>
  <LAYOUT desc="Latitude" enabled="0" hud="3" hudname="Blank screen" value="2"/>
  <LAYOUT desc="Longitude" enabled="0" hud="3" hudname="Blank screen" value="17"/>
  <LAYOUT desc="RSSI" enabled="0" hud="3" hudname="Blank screen" value="332"/>
  <LAYOUT desc="Temperature" enabled="0" hud="3" hudname="Blank screen" value="212"/>
  <LAYOUT desc="Voltage - main" enabled="0" hud="3" hudname="Blank screen" value="363"/>
  <LAYOUT desc="Voltage - video" enabled="0" hud="3" hudname="Blank screen" value="303"/>
  <LAYOUT desc="Amps" enabled="0" hud="3" hudname="Blank screen" value="368"/>
  <LAYOUT desc="mAh" enabled="0" hud="3" hudname="Blank screen" value="376"/>
  <LAYOUT desc="AHI-horizon" enabled="0" hud="3" hudname="Blank screen" value="194"/>
  <LAYOUT desc="AHI-sidebars" enabled="0" hud="3" hudname="Blank screen" value="187"/>
  <LAYOUT desc="AHI-change icon" enabled="0" hud="3" hudname="Blank screen" value="187"/>
  <LAYOUT desc="Sidebar Height" enabled="1" hud="3" hudname="Blank screen" value="3"/>
  <LAYOUT desc="Sidebar Width" enabled="1" hud="3" hudname="Blank screen" value="7"/>
  <LAYOUT desc="Gimbal" enabled="0" hud="3" hudname="Blank screen" value="122"/>
  <LAYOUT desc="GPS time" enabled="0" hud="3" hudname="Blank screen" value="341"/>
  <LAYOUT desc="FRSky cells" enabled="0" hud="3" hudname="Blank screen" value="232"/>
  <LAYOUT desc="Mode" enabled="0" hud="3" hudname="Blank screen" value="38"/>
  <LAYOUT desc="Map mode" enabled="0" hud="3" hudname="Blank screen" value="46"/>
  <LAYOUT desc="Map center" enabled="0" hud="3" hudname="Blank screen" value="195"/>
  <LAYOUT desc="AP status" enabled="0" hud="3" hudname="Blank screen" value="195"/>
  <LAYOUT desc="Watts" enabled="0" hud="3" hudname="Blank screen" value="339"/>
  <LAYOUT desc="Glidescope" enabled="0" hud="3" hudname="Blank screen" value="186"/>
  <LAYOUT desc="Call Sign" enabled="0" hud="3" hudname="Blank screen" value="280"/>
  <LAYOUT desc="Debug" enabled="0" hud="3" hudname="Blank screen" value="220"/>
  <LAYOUT desc="Sat indicator" enabled="0" hud="4" hudname="Map" value="49"/>
  <LAYOUT desc="Direction to home" enabled="1" hud="4" hudname="Map" value="49"/>
  <LAYOUT desc="Distance" enabled="1" hud="4" hudname="Map" value="41"/>
  <LAYOUT desc="Speed" enabled="1" hud="4" hudname="Map" value="33"/>
  <LAYOUT desc="Angle to home" enabled="0" hud="4" hudname="Map" value="144"/>
  <LAYOUT desc="GPS altitude" enabled="0" hud="4" hudname="Map" value="234"/>
  <LAYOUT desc="Sensor" enabled="0" hud="4" hudname="Map" value="212"/>
  <LAYOUT desc="Heading" enabled="0" hud="4" hudname="Map" value="234"/>
  <LAYOUT desc="Compass" enabled="0" hud="4" hudname="Map" value="39"/>
  <LAYOUT desc="Altitude" enabled="1" hud="4" hudname="Map" value="53"/>
  <LAYOUT desc="Climb Rate" enabled="0" hud="4" hudname="Map" value="233"/>
  <LAYOUT desc="Throttle" enabled="0" hud="4" hudname="Map" value="352"/>
  <LAYOUT desc="Unused" enabled="1" hud="4" hudname="Map" value="382"/>
  <LAYOUT desc="Timer" enabled="1" hud="4" hudname="Map" value="382"/>
  <LAYOUT desc="Armed Status" enabled="1" hud="4" hudname="Map" value="311"/>
  <LAYOUT desc="Pitch Angle" enabled="0" hud="4" hudname="Map" value="272"/>
  <LAYOUT desc="Roll Angle" enabled="0" hud="4" hudname="Map" value="285"/>
  <LAYOUT desc="Latitude" enabled="1" hud="4" hudname="Map" value="2"/>
  <LAYOUT desc="Longitude" enabled="1" hud="4" hudname="Map" value="17"/>
  <LAYOUT desc="RSSI" enabled="0" hud="4" hudname="Map" value="332"/>
  <LAYOUT desc="Temperature" enabled="0" hud="4" hudname="Map" value="212"/>
  <LAYOUT desc="Voltage - main" enabled="1" hud="4" hudname="Map" value="363"/>
  <LAYOUT desc="Voltage - video" enabled="0" hud="4" hudname="Map" value="303"/>
  <LAYOUT desc="Amps" enabled="1" hud="4" hudname="Map" value="368"/>
  <LAYOUT desc="mAh" enabled="1" hud="4" hudname="Map" value="376"/>
  <LAYOUT desc="AHI-horizon" enabled="0" hud="4" hudname="Map" value="194"/>
  <LAYOUT desc="AHI-sidebars" enabled="0" hud="4" hudname="Map" value="187"/>
  <LAYOUT desc="AHI-change icon" enabled="0" hud="4" hudname="Map" value="187"/>
  <LAYOUT desc="Sidebar Height" enabled="1" hud="4" hudname="Map" value="3"/>
  <LAYOUT desc="Sidebar Width" enabled="1" hud="4" hudname="Map" value="7"/>
  <LAYOUT desc="Gimbal" enabled="0" hud="4" hudname="Map" value="122"/>
  <LAYOUT desc="GPS time" enabled="0" hud="4" hudname="Map" value="341"/>
  <LAYOUT desc="FRSky cells" enabled="0" hud="4" hudname="Map" value="232"/>
  <LAYOUT desc="Mode" enabled="1" hud="4" hudname="Map" value="37"/>
  <LAYOUT desc="Map mode" enabled="1" hud="4" hudname="Map" value="47"/>
  <LAYOUT desc="Map center" enabled="1" hud="4" hudname="Map" value="194"/>
  <LAYOUT desc="AP status" enabled="0" hud="4" hudname="Map" value="195"/>
  <LAYOUT desc="Watts" enabled="0" hud="4" hudname="Map" value="339"/>
  <LAYOUT desc="Glidescope" enabled="0" hud="4" hudname="Map" value="186"/>
  <LAYOUT desc="Call Sign" enabled="1" hud="4" hudname="Map" value="280"/>
  <LAYOUT desc="Debug" enabled="1" hud="4" hudname="Map" value="220"/>
  <LAYOUT desc="Sat indicator" enabled="1" hud="5" hudname="F14" value="62"/>
  <LAYOUT desc="Direction to home" enabled="1" hud="5" hudname="F14" value="372"/>
  <LAYOUT desc="Distance" enabled="1" hud="5" hudname="F14" value="374"/>
  <LAYOUT desc="Speed" enabled="1" hud="5" hudname="F14" value="96"/>
  <LAYOUT desc="Angle to home" enabled="0" hud="5" hudname="F14" value="144"/>
  <LAYOUT desc="GPS altitude" enabled="0" hud="5" hudname="F14" value="234"/>
  <LAYOUT desc="Sensor" enabled="0" hud="5" hudname="F14" value="36"/>
  <LAYOUT desc="Heading" enabled="0" hud="5" hudname="F14" value="234"/>
  <LAYOUT desc="Compass" enabled="0" hud="5" hudname="F14" value="40"/>
  <LAYOUT desc="Altitude" enabled="1" hud="5" hudname="F14" value="110"/>
  <LAYOUT desc="Climb Rate" enabled="1" hud="5" hudname="F14" value="202"/>
  <LAYOUT desc="Throttle" enabled="0" hud="5" hudname="F14" value="352"/>
  <LAYOUT desc="Unused" enabled="1" hud="5" hudname="F14" value="289"/>
  <LAYOUT desc="Timer" enabled="1" hud="5" hudname="F14" value="289"/>
  <LAYOUT desc="Armed Status" enabled="1" hud="5" hudname="F14" value="71"/>
  <LAYOUT desc="Pitch Angle" enabled="0" hud="5" hudname="F14" value="272"/>
  <LAYOUT desc="Roll Angle" enabled="0" hud="5" hudname="F14" value="285"/>
  <LAYOUT desc="Latitude" enabled="1" hud="5" hudname="F14" value="32"/>
  <LAYOUT desc="Longitude" enabled="1" hud="5" hudname="F14" value="47"/>
  <LAYOUT desc="RSSI" enabled="1" hud="5" hudname="F14" value="335"/>
  <LAYOUT desc="Temperature" enabled="0" hud="5" hudname="F14" value="213"/>
  <LAYOUT desc="Voltage - main" enabled="1" hud="5" hudname="F14" value="275"/>
  <LAYOUT desc="Voltage - video" enabled="0" hud="5" hudname="F14" value="303"/>
  <LAYOUT desc="Amps" enabled="1" hud="5" hudname="F14" value="304"/>
  <LAYOUT desc="mAh" enabled="1" hud="5" hudname="F14" value="319"/>
  <LAYOUT desc="AHI-horizon" enabled="1" hud="5" hudname="F14" value="194"/>
  <LAYOUT desc="AHI-sidebars" enabled="1" hud="5" hudname="F14" value="187"/>
  <LAYOUT desc="AHI-change icon" enabled="0" hud="5" hudname="F14" value="187"/>
  <LAYOUT desc="Sidebar Height" enabled="1" hud="5" hudname="F14" value="2"/>
  <LAYOUT desc="Sidebar Width" enabled="1" hud="5" hudname="F14" value="7"/>
  <LAYOUT desc="Gimbal" enabled="0" hud="5" hudname="F14" value="122"/>
  <LAYOUT desc="GPS time" enabled="0" hud="5" hudname="F14" value="341"/>
  <LAYOUT desc="FRSky cells" enabled="0" hud="5" hudname="F14" value="232"/>
  <LAYOUT desc="Mode" enabled="0" hud="5" hudname="F14" value="123"/>
  <LAYOUT desc="Map mode" enabled="0" hud="5" hudname="F14" value="46"/>
  <LAYOUT desc="Map center" enabled="0" hud="5" hudname="F14" value="195"/>
  <LAYOUT desc="AP status" enabled="0" hud="5" hudname="F14" value="195"/>
  <LAYOUT desc="Watts" enabled="0" hud="5" hudname="F14" value="339"/>
  <LAYOUT desc="Glidescope" enabled="0" hud="5" hudname="F14" value="186"/>
  <LAYOUT desc="Call Sign" enabled="1" hud="5" hudname="F14" value="280"/>
  <LAYOUT desc="Debug" enabled="1" hud="5" hudname="F14" value="220"/>
  <LAYOUT desc="Sat indicator" enabled="1" hud="6" hudname="Embraer" value="53"/>
  <LAYOUT desc="Direction to home" enabled="1" hud="6" hudname="Embraer" value="344"/>
  <LAYOUT desc="Distance" enabled="1" hud="6" hudname="Embraer" value="363"/>
  <LAYOUT desc="Speed" enabled="1" hud="6" hudname="Embraer" value="303"/>
  <LAYOUT desc="Angle to home" enabled="0" hud="6" hudname="Embraer" value="144"/>
  <LAYOUT desc="GPS altitude" enabled="0" hud="6" hudname="Embraer" value="234"/>
  <LAYOUT desc="Sensor" enabled="0" hud="6" hudname="Embraer" value="36"/>
  <LAYOUT desc="Heading" enabled="0" hud="6" hudname="Embraer" value="234"/>
  <LAYOUT desc="Compass" enabled="1" hud="6" hudname="Embraer" value="370"/>
  <LAYOUT desc="Altitude" enabled="1" hud="6" hudname="Embraer" value="333"/>
  <LAYOUT desc="Climb Rate" enabled="0" hud="6" hudname="Embraer" value="202"/>
  <LAYOUT desc="Throttle" enabled="0" hud="6" hudname="Embraer" value="352"/>
  <LAYOUT desc="Unused" enabled="1" hud="6" hudname="Embraer" value="382"/>
  <LAYOUT desc="Timer" enabled="1" hud="6" hudname="Embraer" value="382"/>
  <LAYOUT desc="Armed Status" enabled="1" hud="6" hudname="Embraer" value="311"/>
  <LAYOUT desc="Pitch Angle" enabled="0" hud="6" hudname="Embraer" value="272"/>
  <LAYOUT desc="Roll Angle" enabled="0" hud="6" hudname="Embraer" value="285"/>
  <LAYOUT desc="Latitude" enabled="1" hud="6" hudname="Embraer" value="2"/>
  <LAYOUT desc="Longitude" enabled="1" hud="6" hudname="Embraer" value="17"/>
  <LAYOUT desc="RSSI" enabled="1" hud="6" hudname="Embraer" value="85"/>
  <LAYOUT desc="Temperature" enabled="0" hud="6" hudname="Embraer" value="213"/>
  <LAYOUT desc="Voltage - main" enabled="1" hud="6" hudname="Embraer" value="353"/>
  <LAYOUT desc="Voltage - video" enabled="1" hud="6" hudname="Embraer" value="263"/>
  <LAYOUT desc="Amps" enabled="1" hud="6" hudname="Embraer" value="292"/>
  <LAYOUT desc="mAh" enabled="1" hud="6" hudname="Embraer" value="322"/>
  <LAYOUT desc="AHI-horizon" enabled="0" hud="6" hudname="Embraer" value="194"/>
  <LAYOUT desc="AHI-sidebars" enabled="0" hud="6" hudname="Embraer" value="187"/>
  <LAYOUT desc="AHI-change icon" enabled="0" hud="6" hudname="Embraer" value="187"/>
  <LAYOUT desc="Sidebar Height" enabled="1" hud="6" hudname="Embraer" value="3"/>
  <LAYOUT desc="Sidebar Width" enabled="1" hud="6" hudname="Embraer" value="7"/>
  <LAYOUT desc="Gimbal" enabled="0" hud="6" hudname="Embraer" value="122"/>
  <LAYOUT desc="GPS time" enabled="0" hud="6" hudname="Embraer" value="341"/>
  <LAYOUT desc="FRSky cells" enabled="0" hud="6" hudname="Embraer" value="232"/>
  <LAYOUT desc="Mode" enabled="1" hud="6" hudname="Embraer" value="33"/>
  <LAYOUT desc="Map mode" enabled="0" hud="6" hudname="Embraer" value="46"/>
  <LAYOUT desc="Map center" enabled="0" hud="6" hudname="Embraer" value="195"/>
  <LAYOUT desc="AP status" enabled="0" hud="6" hudname="Embraer" value="195"/>
  <LAYOUT desc="Watts" enabled="0" hud="6" hudname="Embraer" value="339"/>
  <LAYOUT desc="Glidescope" enabled="0" hud="6" hudname="Embraer" value="186"/>
  <LAYOUT desc="Call Sign" enabled="1" hud="6" hudname="Embraer" value="280"/>
  <LAYOUT desc="Debug" enabled="1" hud="6" hudname="Embraer" value="220"/>
  <LAYOUT desc="Sat indicator" enabled="1" hud="7" hudname="NAHI" value="54"/>
  <LAYOUT desc="Direction to home" enabled="1" hud="7" hudname="NAHI" value="74"/>
  <LAYOUT desc="Distance" enabled="1" hud="7" hudname="NAHI" value="372"/>
  <LAYOUT desc="Speed" enabled="1" hud="7" hudname="NAHI" value="93"/>
  <LAYOUT desc="Angle to home" enabled="0" hud="7" hudname="NAHI" value="144"/>
  <LAYOUT desc="GPS altitude" enabled="0" hud="7" hudname="NAHI" value="234"/>
  <LAYOUT desc="Sensor" enabled="0" hud="7" hudname="NAHI" value="32"/>
  <LAYOUT desc="Heading" enabled="0" hud="7" hudname="NAHI" value="114"/>
  <LAYOUT desc="Compass" enabled="1" hud="7" hudname="NAHI" value="100"/>
  <LAYOUT desc="Altitude" enabled="1" hud="7" hudname="NAHI" value="113"/>
  <LAYOUT desc="Climb Rate" enabled="0" hud="7" hudname="NAHI" value="202"/>
  <LAYOUT desc="Throttle" enabled="0" hud="7" hudname="NAHI" value="352"/>
  <LAYOUT desc="Unused" enabled="1" hud="7" hudname="NAHI" value="41"/>
  <LAYOUT desc="Timer" enabled="1" hud="7" hudname="NAHI" value="41"/>
  <LAYOUT desc="Armed Status" enabled="1" hud="7" hudname="NAHI" value="311"/>
  <LAYOUT desc="Pitch Angle" enabled="0" hud="7" hudname="NAHI" value="272"/>
  <LAYOUT desc="Roll Angle" enabled="0" hud="7" hudname="NAHI" value="285"/>
  <LAYOUT desc="Latitude" enabled="1" hud="7" hudname="NAHI" value="2"/>
  <LAYOUT desc="Longitude" enabled="1" hud="7" hudname="NAHI" value="17"/>
  <LAYOUT desc="RSSI" enabled="1" hud="7" hudname="NAHI" value="32"/>
  <LAYOUT desc="Temperature" enabled="0" hud="7" hudname="NAHI" value="213"/>
  <LAYOUT desc="Voltage - main" enabled="1" hud="7" hudname="NAHI" value="383"/>
  <LAYOUT desc="Voltage - video" enabled="1" hud="7" hudname="NAHI" value="353"/>
  <LAYOUT desc="Amps" enabled="1" hud="7" hudname="NAHI" value="361"/>
  <LAYOUT desc="mAh" enabled="1" hud="7" hudname="NAHI" value="332"/>
  <LAYOUT desc="AHI-horizon" enabled="0" hud="7" hudname="NAHI" value="194"/>
  <LAYOUT desc="AHI-sidebars" enabled="1" hud="7" hudname="NAHI" value="187"/>
  <LAYOUT desc="AHI-change icon" enabled="1" hud="7" hudname="NAHI" value="187"/>
  <LAYOUT desc="Sidebar Height" enabled="1" hud="7" hudname="NAHI" value="3"/>
  <LAYOUT desc="Sidebar Width" enabled="1" hud="7" hudname="NAHI" value="7"/>
  <LAYOUT desc="Gimbal" enabled="0" hud="7" hudname="NAHI" value="122"/>
  <LAYOUT desc="GPS time" enabled="0" hud="7" hudname="NAHI" value="341"/>
  <LAYOUT desc="FRSky cells" enabled="0" hud="7" hudname="NAHI" value="232"/>
  <LAYOUT desc="Mode" enabled="1" hud="7" hudname="NAHI" value="50"/>
  <LAYOUT desc="Map mode" enabled="0" hud="7" hudname="NAHI" value="46"/>
  <LAYOUT desc="Map center" enabled="0" hud="7" hudname="NAHI" value="194"/>
  <LAYOUT desc="AP status" enabled="0" hud="7" hudname="NAHI" value="195"/>
  <LAYOUT desc="Watts" enabled="0" hud="7" hudname="NAHI" value="339"/>
  <LAYOUT desc="Glidescope" enabled="0" hud="7" hudname="NAHI" value="186"/>
  <LAYOUT desc="Call Sign" enabled="1" hud="7" hudname="NAHI" value="280"/>
  <LAYOUT desc="Debug" enabled="1" hud="7" hudname="NAHI" value="220"/>
  <LAYOUT desc="Sat indicator" enabled="0" hud="8" hudname="Groundstation" value="32"/>
  <LAYOUT desc="Direction to home" enabled="0" hud="8" hudname="Groundstation" value="51"/>
  <LAYOUT desc="Distance" enabled="0" hud="8" hudname="Groundstation" value="54"/>
  <LAYOUT desc="Speed" enabled="0" hud="8" hudname="Groundstation" value="183"/>
  <LAYOUT desc="Angle to home" enabled="0" hud="8" hudname="Groundstation" value="144"/>
  <LAYOUT desc="GPS altitude" enabled="0" hud="8" hudname="Groundstation" value="84"/>
  <LAYOUT desc="Sensor" enabled="0" hud="8" hudname="Groundstation" value="36"/>
  <LAYOUT desc="Heading" enabled="0" hud="8" hudname="Groundstation" value="114"/>
  <LAYOUT desc="Compass" enabled="0" hud="8" hudname="Groundstation" value="40"/>
  <LAYOUT desc="Altitude" enabled="0" hud="8" hudname="Groundstation" value="203"/>
  <LAYOUT desc="Climb Rate" enabled="0" hud="8" hudname="Groundstation" value="202"/>
  <LAYOUT desc="Throttle" enabled="0" hud="8" hudname="Groundstation" value="352"/>
  <LAYOUT desc="Unused" enabled="1" hud="8" hudname="Groundstation" value="382"/>
  <LAYOUT desc="Timer" enabled="1" hud="8" hudname="Groundstation" value="382"/>
  <LAYOUT desc="Armed Status" enabled="0" hud="8" hudname="Groundstation" value="311"/>
  <LAYOUT desc="Pitch Angle" enabled="0" hud="8" hudname="Groundstation" value="272"/>
  <LAYOUT desc="Roll Angle" enabled="0" hud="8" hudname="Groundstation" value="287"/>
  <LAYOUT desc="Latitude" enabled="0" hud="8" hudname="Groundstation" value="2"/>
  <LAYOUT desc="Longitude" enabled="0" hud="8" hudname="Groundstation" value="15"/>
  <LAYOUT desc="RSSI" enabled="1" hud="8" hudname="Groundstation" value="377"/>
  <LAYOUT desc="Temperature" enabled="0" hud="8" hudname="Groundstation" value="213"/>
  <LAYOUT desc="Voltage - main" enabled="1" hud="8" hudname="Groundstation" value="363"/>
  <LAYOUT desc="Voltage - video" enabled="0" hud="8" hudname="Groundstation" value="369"/>
  <LAYOUT desc="Amps" enabled="0" hud="8" hudname="Groundstation" value="369"/>
  <LAYOUT desc="mAh" enabled="0" hud="8" hudname="Groundstation" value="376"/>
  <LAYOUT desc="AHI-horizon" enabled="0" hud="8" hudname="Groundstation" value="187"/>
  <LAYOUT desc="AHI-sidebars" enabled="1" hud="8" hudname="Groundstation" value="194"/>
  <LAYOUT desc="AHI-change icon" enabled="1" hud="8" hudname="Groundstation" value="187"/>
  <LAYOUT desc="Sidebar Height" enabled="1" hud="8" hudname="Groundstation" value="3"/>
  <LAYOUT desc="Sidebar Width" enabled="1" hud="8" hudname="Groundstation" value="7"/>
  <LAYOUT desc="Gimbal" enabled="0" hud="8" hudname="Groundstation" value="122"/>
  <LAYOUT desc="GPS time" enabled="0" hud="8" hudname="Groundstation" value="341"/>
  <LAYOUT desc="FRSky cells" enabled="0" hud="8" hudname="Groundstation" value="232"/>
  <LAYOUT desc="Mode" enabled="0" hud="8" hudname="Groundstation" value="92"/>
  <LAYOUT desc="Map mode" enabled="0" hud="8" hudname="Groundstation" value="46"/>
  <LAYOUT desc="Map center" enabled="0" hud="8" hudname="Groundstation" value="195"/>
  <LAYOUT desc="AP status" enabled="0" hud="8" hudname="Groundstation" value="220"/>
  <LAYOUT desc="Watts" enabled="0" hud="8" hudname="Groundstation" value="339"/>
  <LAYOUT desc="Glidescope" enabled="0" hud="8" hudname="Groundstation" value="186"/>
  <LAYOUT desc="Call Sign" enabled="1" hud="8" hudname="Groundstation" value="280"/>
  <LAYOUT desc="Debug" enabled="0" hud="8" hudname="Groundstation" value="220"/>
  <LAYOUT desc="Sat indicator" enabled="0" hud="9" hudname="Standalone" value="32"/>
  <LAYOUT desc="Direction to home" enabled="0" hud="9" hudname="Standalone" value="51"/>
  <LAYOUT desc="Distance" enabled="0" hud="9" hudname="Standalone" value="54"/>
  <LAYOUT desc="Speed" enabled="0" hud="9" hudname="Standalone" value="183"/>
  <LAYOUT desc="Angle to home" enabled="0" hud="9" hudname="Standalone" value="144"/>
  <LAYOUT desc="GPS altitude" enabled="0" hud="9" hudname="Standalone" value="84"/>
  <LAYOUT desc="Sensor" enabled="0" hud="9" hudname="Standalone" value="36"/>
  <LAYOUT desc="Heading" enabled="0" hud="9" hudname="Standalone" value="114"/>
  <LAYOUT desc="Compass" enabled="0" hud="9" hudname="Standalone" value="40"/>
  <LAYOUT desc="Altitude" enabled="0" hud="9" hudname="Standalone" value="203"/>
  <LAYOUT desc="Climb Rate" enabled="0" hud="9" hudname="Standalone" value="202"/>
  <LAYOUT desc="Throttle" enabled="0" hud="9" hudname="Standalone" value="352"/>
  <LAYOUT desc="Unused" enabled="1" hud="9" hudname="Standalone" value="382"/>
  <LAYOUT desc="Timer" enabled="1" hud="9" hudname="Standalone" value="382"/>
  <LAYOUT desc="Armed Status" enabled="0" hud="9" hudname="Standalone" value="311"/>
  <LAYOUT desc="Pitch Angle" enabled="0" hud="9" hudname="Standalone" value="272"/>
  <LAYOUT desc="Roll Angle" enabled="0" hud="9" hudname="Standalone" value="287"/>
  <LAYOUT desc="Latitude" enabled="0" hud="9" hudname="Standalone" value="2"/>
  <LAYOUT desc="Longitude" enabled="0" hud="9" hudname="Standalone" value="15"/>
  <LAYOUT desc="RSSI" enabled="1" hud="9" hudname="Standalone" value="354"/>
  <LAYOUT desc="Temperature" enabled="0" hud="9" hudname="Standalone" value="213"/>
  <LAYOUT desc="Voltage - main" enabled="1" hud="9" hudname="Standalone" value="363"/>
  <LAYOUT desc="Voltage - video" enabled="1" hud="9" hudname="Standalone" value="333"/>
  <LAYOUT desc="Amps" enabled="1" hud="9" hudname="Standalone" value="369"/>
  <LAYOUT desc="mAh" enabled="1" hud="9" hudname="Standalone" value="376"/>
  <LAYOUT desc="AHI-horizon" enabled="0" hud="9" hudname="Standalone" value="187"/>
  <LAYOUT desc="AHI-sidebars" enabled="1" hud="9" hudname="Standalone" value="194"/>
  <LAYOUT desc="AHI-change icon" enabled="1" hud="9" hudname="Standalone" value="187"/>
  <LAYOUT desc="Sidebar Height" enabled="1" hud="9" hudname="Standalone" value="3"/>
  <LAYOUT desc="Sidebar Width" enabled="1" hud="9" hudname="Standalone" value="7"/>
  <LAYOUT desc="Gimbal" enabled="0" hud="9" hudname="Standalone" value="122"/>
  <LAYOUT desc="GPS time" enabled="0" hud="9" hudname="Standalone" value="341"/>
  <LAYOUT desc="FRSky cells" enabled="0" hud="9" hudname="Standalone" value="232"/>
  <LAYOUT desc="Mode" enabled="0" hud="9" hudname="Standalone" value="92"/>
  <LAYOUT desc="Map mode" enabled="0" hud="9" hudname="Standalone" value="46"/>
  <LAYOUT desc="Map center" enabled="0" hud="9" hudname="Standalone" value="195"/>
  <LAYOUT desc="AP status" enabled="0" hud="9" hudname="Standalone" value="220"/>
  <LAYOUT desc="Watts" enabled="0" hud="9" hudname="Standalone" value="339"/>
  <LAYOUT desc="Glidescope" enabled="0" hud="9" hudname="Standalone" value="186"/>
  <LAYOUT desc="Call Sign" enabled="1" hud="9" hudname="Standalone" value="280"/>
  <LAYOUT desc="Debug" enabled="0" hud="9" hudname="Standalone" value="220"/>
  <LAYOUT desc="Sat indicator" enabled="0" hud="10" hudname="250 class" value="32"/>
  <LAYOUT desc="Direction to home" enabled="0" hud="10" hudname="250 class" value="51"/>
  <LAYOUT desc="Distance" enabled="0" hud="10" hudname="250 class" value="54"/>
  <LAYOUT desc="Speed" enabled="0" hud="10" hudname="250 class" value="183"/>
  <LAYOUT desc="Angle to home" enabled="0" hud="10" hudname="250 class" value="144"/>
  <LAYOUT desc="GPS altitude" enabled="0" hud="10" hudname="250 class" value="84"/>
  <LAYOUT desc="Sensor" enabled="1" hud="10" hudname="250 class" value="378"/>
  <LAYOUT desc="Heading" enabled="0" hud="10" hudname="250 class" value="114"/>
  <LAYOUT desc="Compass" enabled="0" hud="10" hudname="250 class" value="40"/>
  <LAYOUT desc="Altitude" enabled="0" hud="10" hudname="250 class" value="203"/>
  <LAYOUT desc="Climb Rate" enabled="0" hud="10" hudname="250 class" value="202"/>
  <LAYOUT desc="Throttle" enabled="0" hud="10" hudname="250 class" value="373"/>
  <LAYOUT desc="Unused" enabled="1" hud="10" hudname="250 class" value="382"/>
  <LAYOUT desc="Timer" enabled="1" hud="10" hudname="250 class" value="382"/>
  <LAYOUT desc="Armed Status" enabled="1" hud="10" hudname="250 class" value="311"/>
  <LAYOUT desc="Pitch Angle" enabled="0" hud="10" hudname="250 class" value="272"/>
  <LAYOUT desc="Roll Angle" enabled="0" hud="10" hudname="250 class" value="285"/>
  <LAYOUT desc="Latitude" enabled="0" hud="10" hudname="250 class" value="2"/>
  <LAYOUT desc="Longitude" enabled="0" hud="10" hudname="250 class" value="17"/>
  <LAYOUT desc="RSSI" enabled="1" hud="10" hudname="250 class" value="369"/>
  <LAYOUT desc="Temperature" enabled="0" hud="10" hudname="250 class" value="213"/>
  <LAYOUT desc="Voltage - main" enabled="1" hud="10" hudname="250 class" value="363"/>
  <LAYOUT desc="Voltage - video" enabled="0" hud="10" hudname="250 class" value="303"/>
  <LAYOUT desc="Amps" enabled="1" hud="10" hudname="250 class" value="332"/>
  <LAYOUT desc="mAh" enabled="1" hud="10" hudname="250 class" value="352"/>
  <LAYOUT desc="AHI-horizon" enabled="0" hud="10" hudname="250 class" value="187"/>
  <LAYOUT desc="AHI-sidebars" enabled="0" hud="10" hudname="250 class" value="194"/>
  <LAYOUT desc="AHI-change icon" enabled="0" hud="10" hudname="250 class" value="187"/>
  <LAYOUT desc="Sidebar Height" enabled="0" hud="10" hudname="250 class" value="3"/>
  <LAYOUT desc="Sidebar Width" enabled="0" hud="10" hudname="250 class" value="7"/>
  <LAYOUT desc="Gimbal" enabled="0" hud="10" hudname="250 class" value="122"/>
  <LAYOUT desc="GPS time" enabled="0" hud="10" hudname="250 class" value="341"/>
  <LAYOUT desc="FRSky cells" enabled="0" hud="10" hudname="250 class" value="232"/>
  <LAYOUT desc="Mode" enabled="0" hud="10" hudname="250 class" value="369"/>
  <LAYOUT desc="Map mode" enabled="0" hud="10" hudname="250 class" value="46"/>
  <LAYOUT desc="Map center" enabled="0" hud="10" hudname="250 class" value="195"/>
  <LAYOUT desc="AP status" enabled="0" hud="10" hudname="250 class" value="70"/>
  <LAYOUT desc="Watts" enabled="0" hud="10" hudname="250 class" value="339"/>
  <LAYOUT desc="Glidescope" enabled="0" hud="10" hudname="250 class" value="186"/>
  <LAYOUT desc="Call Sign" enabled="1" hud="10" hudname="250 class" value="280"/>
  <LAYOUT desc="Debug" enabled="1" hud="10" hudname="250 class" value="220"/>
  <LAYOUT desc="Sat indicator" enabled="1" hud="11" value="47"/>
  <LAYOUT desc="Direction to home" enabled="1" hud="11" value="344"/>
  <LAYOUT desc="Distance" enabled="1" hud="11" value="40"/>
  <LAYOUT desc="Speed" enabled="1" hud="11" value="33"/>
  <LAYOUT desc="Angle to home" enabled="0" hud="11" value="144"/>
  <LAYOUT desc="GPS altitude" enabled="0" hud="11" value="84"/>
  <LAYOUT desc="Sensor" enabled="0" hud="11" value="36"/>
  <LAYOUT desc="Heading" enabled="0" hud="11" value="114"/>
  <LAYOUT desc="Compass" enabled="1" hud="11" value="370"/>
  <LAYOUT desc="Altitude" enabled="1" hud="11" value="54"/>
  <LAYOUT desc="Climb Rate" enabled="0" hud="11" value="202"/>
  <LAYOUT desc="Throttle" enabled="0" hud="11" value="352"/>
  <LAYOUT desc="Unused" enabled="1" hud="11" value="382"/>
  <LAYOUT desc="Timer" enabled="1" hud="11" value="382"/>
  <LAYOUT desc="Armed Status" enabled="1" hud="11" value="311"/>
  <LAYOUT desc="Pitch Angle" enabled="0" hud="11" value="233"/>
  <LAYOUT desc="Roll Angle" enabled="0" hud="11" value="263"/>
  <LAYOUT desc="Latitude" enabled="0" hud="11" value="2"/>
  <LAYOUT desc="Longitude" enabled="0" hud="11" value="17"/>
  <LAYOUT desc="RSSI" enabled="1" hud="11" value="332"/>
  <LAYOUT desc="Temperature" enabled="0" hud="11" value="213"/>
  <LAYOUT desc="Voltage - main" enabled="1" hud="11" value="363"/>
  <LAYOUT desc="Voltage - video" enabled="1" hud="11" value="303"/>
  <LAYOUT desc="Amps" enabled="1" hud="11" value="369"/>
  <LAYOUT desc="mAh" enabled="1" hud="11" value="376"/>
  <LAYOUT desc="AHI-horizon" enabled="1" hud="11" value="194"/>
  <LAYOUT desc="AHI-sidebars" enabled="1" hud="11" value="194"/>
  <LAYOUT desc="AHI-change icon" enabled="1" hud="11" value="187"/>
  <LAYOUT desc="Sidebar Height" enabled="1" hud="11" value="3"/>
  <LAYOUT desc="Sidebar Width" enabled="1" hud="11" value="11"/>
  <LAYOUT desc="Gimbal" enabled="1" hud="11" value="353"/>
  <LAYOUT desc="GPS time" enabled="0" hud="11" value="341"/>
  <LAYOUT desc="FRSky cells" enabled="0" hud="11" value="232"/>
  <LAYOUT desc="Mode" enabled="1" hud="11" value="355"/>
  <LAYOUT desc="Map mode" enabled="0" hud="11" value="46"/>
  <LAYOUT desc="Map center" enabled="0" hud="11" value="195"/>
  <LAYOUT desc="AP status" enabled="1" hud="11" value="70"/>
  <LAYOUT desc="Watts" enabled="0" hud="11" value="339"/>
  <LAYOUT desc="Glidescope" enabled="0" hud="11" value="186"/>
  <LAYOUT desc="Call Sign" enabled="1" hud="11" value="280"/>
  <LAYOUT desc="Debug" enabled="1" hud="11" value="220"/>
  <LAYOUT desc="Sat indicator" enabled="0" hud="12" value="49"/>
  <LAYOUT desc="Direction to home" enabled="1" hud="12" value="49"/>
  <LAYOUT desc="Distance" enabled="1" hud="12" value="41"/>
  <LAYOUT desc="Speed" enabled="1" hud="12" value="33"/>
  <LAYOUT desc="Angle to home" enabled="0" hud="12" value="144"/>
  <LAYOUT desc="GPS altitude" enabled="0" hud="12" value="234"/>
  <LAYOUT desc="Sensor" enabled="0" hud="12" value="212"/>
  <LAYOUT desc="Heading" enabled="0" hud="12" value="234"/>
  <LAYOUT desc="Compass" enabled="0" hud="12" value="39"/>
  <LAYOUT desc="Altitude" enabled="1" hud="12" value="53"/>
  <LAYOUT desc="Climb Rate" enabled="0" hud="12" value="233"/>
  <LAYOUT desc="Throttle" enabled="0" hud="12" value="352"/>
  <LAYOUT desc="Unused" enabled="1" hud="12" value="382"/>
  <LAYOUT desc="Timer" enabled="1" hud="12" value="382"/>
  <LAYOUT desc="Armed Status" enabled="1" hud="12" value="311"/>
  <LAYOUT desc="Pitch Angle" enabled="0" hud="12" value="272"/>
  <LAYOUT desc="Roll Angle" enabled="0" hud="12" value="285"/>
  <LAYOUT desc="Latitude" enabled="1" hud="12" value="2"/>
  <LAYOUT desc="Longitude" enabled="1" hud="12" value="17"/>
  <LAYOUT desc="RSSI" enabled="0" hud="12" value="332"/>
  <LAYOUT desc="Temperature" enabled="0" hud="12" value="212"/>
  <LAYOUT desc="Voltage - main" enabled="1" hud="12" value="363"/>
  <LAYOUT desc="Voltage - video" enabled="0" hud="12" value="303"/>
  <LAYOUT desc="Amps" enabled="1" hud="12" value="368"/>
  <LAYOUT desc="mAh" enabled="1" hud="12" value="376"/>
  <LAYOUT desc="AHI-horizon" enabled="0" hud="12" value="194"/>
  <LAYOUT desc="AHI-sidebars" enabled="1" hud="12" value="185"/>
  <LAYOUT desc="AHI-change icon" enabled="1" hud="12" value="187"/>
  <LAYOUT desc="Sidebar Height" enabled="1" hud="12" value="4"/>
  <LAYOUT desc="Sidebar Width" enabled="1" hud="12" value="11"/>
  <LAYOUT desc="Gimbal" enabled="0" hud="12" value="122"/>
  <LAYOUT desc="GPS time" enabled="0" hud="12" value="341"/>
  <LAYOUT desc="FRSky cells" enabled="0" hud="12" value="232"/>
  <LAYOUT desc="Mode" enabled="1" hud="12" value="37"/>
  <LAYOUT desc="Map mode" enabled="1" hud="12" value="47"/>
  <LAYOUT desc="Map center" enabled="1" hud="12" value="194"/>
  <LAYOUT desc="AP status" enabled="0" hud="12" value="195"/>
  <LAYOUT desc="Watts" enabled="0" hud="12" value="339"/>
  <LAYOUT desc="Glidescope" enabled="0" hud="12" value="186"/>
  <LAYOUT desc="Call Sign" enabled="1" hud="12" value="280"/>
  <LAYOUT desc="Debug" enabled="1" hud="12" value="220"/>
</HUDLAYOUTS>
