{
  "version": 11,
  "layouts": [
	{
	  "name": "Shiki default",
	  "position": 0,
	  "elements": [
		{
		  "code": "Satindicator",
		  "position": 0,
		  "label": "Sat indicator",
		  "value": 32,
		  "enable": true,
		  "class": "gpsNumSettings"
		},
		{
		  "code": "Directionto home",
		  "position": 1,
		  "label": "Direction to home",
		  "value": 51,
		  "enable": true,
		  "class": "gpsDirectionSettings"
		},
		{
		  "code": "Distance",
		  "position": 2,
		  "label": "Distance",
		  "value": 54,
		  "enable": true,
		  "class": "gpsDistanceSettings"
		},
		{
		  "code": "Speed",
		  "position": 3,
		  "label": "Speed",
		  "value": 183,
		  "enable": true,
		  "class": "speedSettings"
		},
		{
		  "code": "Angleto home",
		  "position": 4,
		  "label": "Angle to home",
		  "value": 144,
		  "enable": true,
		  "class": "eagleToHomePositionSettings"
		},
		{
		  "code": "GPSaltitude",
		  "position": 5,
		  "label": "GPS altitude",
		  "value": 84,
		  "enable": true,
		  "class": "gpsAltitudeSettings"
		},
		{
		  "code": "Sensor",
		  "position": 6,
		  "label": "Sensor",
		  "value": 36,
		  "enable": true,
		  "class": "senzorsSettings"
		},
		{
		  "code": "Heading",
		  "position": 7,
		  "label": "Heading",
		  "value": 114,
		  "enable": true,
		  "class": "headingSettings"
		},
		{
		  "code": "Compass",
		  "position": 8,
		  "label": "Compass",
		  "value": 40,
		  "enable": true,
		  "class": "compassSettings"
		},
		{
		  "code": "Altitude",
		  "position": 9,
		  "label": "Altitude",
		  "value": 203,
		  "enable": true,
		  "class": "altitudeSettings"
		},
		{
		  "code": "ClimbRate",
		  "position": 10,
		  "label": "Climb Rate",
		  "value": 202,
		  "enable": true,
		  "class": "climbRateSettings"
		},
		{
		  "code": "Throttle",
		  "position": 11,
		  "label": "Throttle",
		  "value": 352,
		  "enable": true,
		  "class": "throttleSettings"
		},
		{
		  "code": "Unused",
		  "position": 12,
		  "label": "Unused",
		  "value": 382,
		  "enable": true,
		  "class": ""
		},
		{
		  "code": "Timer",
		  "position": 13,
		  "label": "Timer",
		  "value": 382,
		  "enable": true,
		  "class": "timerSettings"
		},
		{
		  "code": "ArmedStatus",
		  "position": 14,
		  "label": "Armed Status",
		  "value": 311,
		  "enable": true,
		  "class": "armedStatusSettings"
		},
		{
		  "code": "PitchAngle",
		  "position": 15,
		  "label": "Pitch Angle",
		  "value": 233,
		  "enable": false,
		  "class": "pichAngleSettings"
		},
		{
		  "code": "RollAngle",
		  "position": 16,
		  "label": "Roll Angle",
		  "value": 263,
		  "enable": false,
		  "class": "rollAngleSettings"
		},
		{
		  "code": "Latitude",
		  "position": 17,
		  "label": "Latitude",
		  "value": 2,
		  "enable": true,
		  "class": "latitudeSettings"
		},
		{
		  "code": "Longitude",
		  "position": 18,
		  "label": "Longitude",
		  "value": 17,
		  "enable": true,
		  "class": "longtitudeSettings"
		},
		{
		  "code": "RSSI",
		  "position": 19,
		  "label": "RSSI",
		  "value": 333,
		  "enable": true,
		  "class": "rssiSettings"
		},
		{
		  "code": "Temperature",
		  "position": 20,
		  "label": "Temperature",
		  "value": 213,
		  "enable": false,
		  "class": "tempeatureSettings"
		},
		{
		  "code": "Voltage- main",
		  "position": 21,
		  "label": "Voltage - main",
		  "value": 363,
		  "enable": true,
		  "class": "vBatSettings"
		},
		{
		  "code": "Voltage- video",
		  "position": 22,
		  "label": "Voltage - video",
		  "value": 303,
		  "enable": true,
		  "class": "vBatVidSettings"
		},
		{
		  "code": "Amps",
		  "position": 23,
		  "label": "Amps",
		  "value": 369,
		  "enable": true,
		  "class": "ampSettings"
		},
		{
		  "code": "mAh",
		  "position": 24,
		  "label": "mAh",
		  "value": 376,
		  "enable": true,
		  "class": "mahSettings"
		},
		{
		  "code": "AHI-horizon",
		  "position": 25,
		  "label": "AHI-horizon",
		  "value": 194,
		  "enable": true,
		  "class": "ahiHorizon"
		},
		{
		  "code": "AHI-sidebars",
		  "position": 26,
		  "label": "AHI-sidebars",
		  "value": 187,
		  "enable": true,
		  "class": "ahiSidebars",
		  "ahiSidebars": "ahiSidebars"
		},
		{
		  "code": "AHI-changeicon",
		  "position": 27,
		  "label": "AHI-change icon",
		  "value": 187,
		  "enable": true,
		  "class": "ahiSidebarsIcon"
		},
		{
		  "code": "SidebarHeight",
		  "position": 28,
		  "label": "Sidebar Height",
		  "value": 3,
		  "enable": false,
		  "class": "ahiSidebarsHeight"
		},
		{
		  "code": "SidebarWidth",
		  "position": 29,
		  "label": "Sidebar Width",
		  "value": 7,
		  "enable": true
		},
		{
		  "code": "Gimbal",
		  "position": 30,
		  "label": "Gimbal",
		  "value": 122,
		  "enable": true,
		  "class": "gymbal"
		},
		{
		  "code": "GPStime",
		  "position": 31,
		  "label": "GPS time",
		  "value": 341,
		  "enable": true,
		  "class": "gpsTime"
		},
		{
		  "code": "FRSkycells",
		  "position": 32,
		  "label": "FRSky cells",
		  "value": 232,
		  "enable": true
		},
		{
		  "code": "Mode",
		  "position": 33,
		  "label": "Mode",
		  "value": 92,
		  "enable": true,
		  "class": "mode"
		},
		{
		  "code": "Mapmode",
		  "position": 34,
		  "label": "Map Mode distance",
		  "value": 46,
		  "enable": false,
		  "class": "mapMode"
		},
		{
		  "code": "Mapcenter",
		  "position": 35,
		  "label": "Map Mode center",
		  "value": 195,
		  "enable": false,
		  "class": "mapCenter"
		},
		{
		  "code": "APstatus",
		  "position": 36,
		  "label": "AP status",
		  "value": 70,
		  "enable": false,
		  "class": "apStAtus"
		},
		{
		  "code": "Watts",
		  "position": 37,
		  "label": "Watts",
		  "value": 339,
		  "enable": false,
		  "class": "wats"
		},
		{
		  "code": "Glidescope",
		  "position": 38,
		  "label": "Glidescope",
		  "value": 186,
		  "enable": true
		},
		{
		  "code": "CallSign",
		  "position": 39,
		  "label": "Call Sign",
		  "value": 280,
		  "enable": true,
		  "class": "callsign"
		},
		{
		  "code": "Debug",
		  "position": 40,
		  "label": "Debug",
		  "value": 220,
		  "enable": true
		}
	  ]
	},
	{
	  "name": "Shiki minimal",
	  "position": 1,
	  "elements": [
		{
		  "code": "Satindicator",
		  "position": 0,
		  "label": "Sat indicator",
		  "value": 32,
		  "enable": false,
		  "class": "gpsNumSettings"
		},
		{
		  "code": "Directionto home",
		  "position": 1,
		  "label": "Direction to home",
		  "value": 380,
		  "enable": true,
		  "class": "gpsDirectionSettings"
		},
		{
		  "code": "Distance",
		  "position": 2,
		  "label": "Distance",
		  "value": 42,
		  "enable": false,
		  "class": "gpsDistanceSettings"
		},
		{
		  "code": "Speed",
		  "position": 3,
		  "label": "Speed",
		  "value": 33,
		  "enable": false,
		  "class": "speedSettings"
		},
		{
		  "code": "Angleto home",
		  "position": 4,
		  "label": "Angle to home",
		  "value": 144,
		  "enable": false,
		  "class": "eagleToHomePositionSettings"
		},
		{
		  "code": "GPSaltitude",
		  "position": 5,
		  "label": "GPS altitude",
		  "value": 234,
		  "enable": false,
		  "class": "gpsAltitudeSettings"
		},
		{
		  "code": "Sensor",
		  "position": 6,
		  "label": "Sensor",
		  "value": 36,
		  "enable": false,
		  "class": "senzorsSettings"
		},
		{
		  "code": "Heading",
		  "position": 7,
		  "label": "Heading",
		  "value": 234,
		  "enable": false,
		  "class": "headingSettings"
		},
		{
		  "code": "Compass",
		  "position": 8,
		  "label": "Compass",
		  "value": 39,
		  "enable": false,
		  "class": "compassSettings"
		},
		{
		  "code": "Altitude",
		  "position": 9,
		  "label": "Altitude",
		  "value": 53,
		  "enable": false,
		  "class": "altitudeSettings"
		},
		{
		  "code": "ClimbRate",
		  "position": 10,
		  "label": "Climb Rate",
		  "value": 203,
		  "enable": false,
		  "class": "climbRateSettings"
		},
		{
		  "code": "Throttle",
		  "position": 11,
		  "label": "Throttle",
		  "value": 352,
		  "enable": false,
		  "class": "throttleSettings"
		},
		{
		  "code": "Unused",
		  "position": 12,
		  "label": "Unused",
		  "value": 382,
		  "enable": true,
		  "class": ""
		},
		{
		  "code": "Timer",
		  "position": 13,
		  "label": "Timer",
		  "value": 382,
		  "enable": true,
		  "class": "timerSettings"
		},
		{
		  "code": "ArmedStatus",
		  "position": 14,
		  "label": "Armed Status",
		  "value": 311,
		  "enable": true,
		  "class": "armedStatusSettings"
		},
		{
		  "code": "PitchAngle",
		  "position": 15,
		  "label": "Pitch Angle",
		  "value": 272,
		  "enable": false,
		  "class": "pichAngleSettings"
		},
		{
		  "code": "RollAngle",
		  "position": 16,
		  "label": "Roll Angle",
		  "value": 285,
		  "enable": false,
		  "class": "rollAngleSettings"
		},
		{
		  "code": "Latitude",
		  "position": 17,
		  "label": "Latitude",
		  "value": 2,
		  "enable": false,
		  "class": "latitudeSettings"
		},
		{
		  "code": "Longitude",
		  "position": 18,
		  "label": "Longitude",
		  "value": 17,
		  "enable": false,
		  "class": "longtitudeSettings"
		},
		{
		  "code": "RSSI",
		  "position": 19,
		  "label": "RSSI",
		  "value": 332,
		  "enable": false,
		  "class": "rssiSettings"
		},
		{
		  "code": "Temperature",
		  "position": 20,
		  "label": "Temperature",
		  "value": 212,
		  "enable": false,
		  "class": "tempeatureSettings"
		},
		{
		  "code": "Voltage- main",
		  "position": 21,
		  "label": "Voltage - main",
		  "value": 363,
		  "enable": true,
		  "class": "vBatSettings"
		},
		{
		  "code": "Voltage- video",
		  "position": 22,
		  "label": "Voltage - video",
		  "value": 303,
		  "enable": false,
		  "class": "vBatVidSettings"
		},
		{
		  "code": "Amps",
		  "position": 23,
		  "label": "Amps",
		  "value": 374,
		  "enable": true,
		  "class": "ampSettings"
		},
		{
		  "code": "mAh",
		  "position": 24,
		  "label": "mAh",
		  "value": 369,
		  "enable": true,
		  "class": "mahSettings"
		},
		{
		  "code": "AHI-horizon",
		  "position": 25,
		  "label": "AHI-horizon",
		  "value": 194,
		  "enable": false,
		  "class": "ahiHorizon"
		},
		{
		  "code": "AHI-sidebars",
		  "position": 26,
		  "label": "AHI-sidebars",
		  "value": 187,
		  "enable": false,
		  "ahiSidebars": "ahiSidebars"
		},
		{
		  "code": "AHI-changeicon",
		  "position": 27,
		  "label": "AHI-change icon",
		  "value": 187,
		  "enable": false,
		  "class": "ahiSidebarsIcon"
		},
		{
		  "code": "SidebarHeight",
		  "position": 28,
		  "label": "Sidebar Height",
		  "value": 3,
		  "enable": false,
		  "class": "ahiSidebarsHeight"
		},
		{
		  "code": "SidebarWidth",
		  "position": 29,
		  "label": "Sidebar Width",
		  "value": 7,
		  "enable": true
		},
		{
		  "code": "Gimbal",
		  "position": 30,
		  "label": "Gimbal",
		  "value": 122,
		  "enable": false,
		  "class": "gymbal"
		},
		{
		  "code": "GPStime",
		  "position": 31,
		  "label": "GPS time",
		  "value": 341,
		  "enable": false
		},
		{
		  "code": "FRSkycells",
		  "position": 32,
		  "label": "FRSky cells",
		  "value": 232,
		  "enable": false
		},
		{
		  "code": "Mode",
		  "position": 33,
		  "label": "Mode",
		  "value": 212,
		  "enable": false,
		  "class": "mode"
		},
		{
		  "code": "Mapmode",
		  "position": 34,
		  "label": "Map Mode distance",
		  "value": 46,
		  "enable": false,
		  "class": "mapMode"
		},
		{
		  "code": "Mapcenter",
		  "position": 35,
		  "label": "Map Mode center",
		  "value": 195,
		  "enable": false,
		  "class": "mapCenter"
		},
		{
		  "code": "APstatus",
		  "position": 36,
		  "label": "AP status",
		  "value": 195,
		  "enable": false,
		  "class": "apStAtus"
		},
		{
		  "code": "Watts",
		  "position": 37,
		  "label": "Watts",
		  "value": 339,
		  "enable": false
		},
		{
		  "code": "Glidescope",
		  "position": 38,
		  "label": "Glidescope",
		  "value": 186,
		  "enable": false
		},
		{
		  "code": "CallSign",
		  "position": 39,
		  "label": "Call Sign",
		  "value": 280,
		  "enable": false,
		  "class": "callsign"
		},
		{
		  "code": "Debug",
		  "position": 40,
		  "label": "Debug",
		  "value": 220,
		  "enable": false
		}
	  ]
	},
	{
	  "name": "EZ",
	  "position": 2,
	  "elements": [
		{
		  "code": "Satindicator",
		  "position": 0,
		  "label": "Sat indicator",
		  "value": 49,
		  "enable": false,
		  "class": "gpsNumSettings"
		},
		{
		  "code": "Directionto home",
		  "position": 1,
		  "label": "Direction to home",
		  "value": 48,
		  "enable": true,
		  "class": "gpsDirectionSettings"
		},
		{
		  "code": "Distance",
		  "position": 2,
		  "label": "Distance",
		  "value": 40,
		  "enable": true,
		  "class": "gpsDistanceSettings"
		},
		{
		  "code": "Speed",
		  "position": 3,
		  "label": "Speed",
		  "value": 33,
		  "enable": true,
		  "class": "speedSettings"
		},
		{
		  "code": "Angleto home",
		  "position": 4,
		  "label": "Angle to home",
		  "value": 144,
		  "enable": false,
		  "class": "eagleToHomePositionSettings"
		},
		{
		  "code": "GPSaltitude",
		  "position": 5,
		  "label": "GPS altitude",
		  "value": 234,
		  "enable": false,
		  "class": "gpsAltitudeSettings"
		},
		{
		  "code": "Sensor",
		  "position": 6,
		  "label": "Sensor",
		  "value": 212,
		  "enable": false,
		  "class": "senzorsSettings"
		},
		{
		  "code": "Heading",
		  "position": 7,
		  "label": "Heading",
		  "value": 234,
		  "enable": false,
		  "class": "headingSettings"
		},
		{
		  "code": "Compass",
		  "position": 8,
		  "label": "Compass",
		  "value": 39,
		  "enable": false,
		  "class": "compassSettings"
		},
		{
		  "code": "Altitude",
		  "position": 9,
		  "label": "Altitude",
		  "value": 53,
		  "enable": true,
		  "class": "altitudeSettings"
		},
		{
		  "code": "ClimbRate",
		  "position": 10,
		  "label": "Climb Rate",
		  "value": 233,
		  "enable": false,
		  "class": "climbRateSettings"
		},
		{
		  "code": "Throttle",
		  "position": 11,
		  "label": "Throttle",
		  "value": 352,
		  "enable": false,
		  "class": "throttleSettings"
		},
		{
		  "code": "Unused",
		  "position": 12,
		  "label": "Unused",
		  "value": 382,
		  "enable": true,
		  "class": ""
		},
		{
		  "code": "Timer",
		  "position": 13,
		  "label": "Timer",
		  "value": 382,
		  "enable": true,
		  "class": "timerSettings"
		},
		{
		  "code": "ArmedStatus",
		  "position": 14,
		  "label": "Armed Status",
		  "value": 311,
		  "enable": true,
		  "class": "armedStatusSettings"
		},
		{
		  "code": "PitchAngle",
		  "position": 15,
		  "label": "Pitch Angle",
		  "value": 272,
		  "enable": false,
		  "class": "pichAngleSettings"
		},
		{
		  "code": "RollAngle",
		  "position": 16,
		  "label": "Roll Angle",
		  "value": 285,
		  "enable": false,
		  "class": "rollAngleSettings"
		},
		{
		  "code": "Latitude",
		  "position": 17,
		  "label": "Latitude",
		  "value": 2,
		  "enable": true,
		  "class": "latitudeSettings"
		},
		{
		  "code": "Longitude",
		  "position": 18,
		  "label": "Longitude",
		  "value": 17,
		  "enable": true,
		  "class": "longtitudeSettings"
		},
		{
		  "code": "RSSI",
		  "position": 19,
		  "label": "RSSI",
		  "value": 332,
		  "enable": false,
		  "class": "rssiSettings"
		},
		{
		  "code": "Temperature",
		  "position": 20,
		  "label": "Temperature",
		  "value": 212,
		  "enable": false,
		  "class": "tempeatureSettings"
		},
		{
		  "code": "Voltage- main",
		  "position": 21,
		  "label": "Voltage - main",
		  "value": 363,
		  "enable": true,
		  "class": "vBatSettings"
		},
		{
		  "code": "Voltage- video",
		  "position": 22,
		  "label": "Voltage - video",
		  "value": 303,
		  "enable": false,
		  "class": "vBatVidSettings"
		},
		{
		  "code": "Amps",
		  "position": 23,
		  "label": "Amps",
		  "value": 368,
		  "enable": true,
		  "class": "ampSettings"
		},
		{
		  "code": "mAh",
		  "position": 24,
		  "label": "mAh",
		  "value": 376,
		  "enable": true,
		  "class": "mahSettings"
		},
		{
		  "code": "AHI-horizon",
		  "position": 25,
		  "label": "AHI-horizon",
		  "value": 194,
		  "enable": false,
		  "class": "ahiHorizon"
		},
		{
		  "code": "AHI-sidebars",
		  "position": 26,
		  "label": "AHI-sidebars",
		  "value": 187,
		  "enable": false,
		  "ahiSidebars": "ahiSidebars"
		},
		{
		  "code": "AHI-changeicon",
		  "position": 27,
		  "label": "AHI-change icon",
		  "value": 187,
		  "enable": false,
		  "class": "ahiSidebarsIcon"
		},
		{
		  "code": "SidebarHeight",
		  "position": 28,
		  "label": "Sidebar Height",
		  "value": 3,
		  "enable": false,
		  "class": "ahiSidebarsHeight"
		},
		{
		  "code": "SidebarWidth",
		  "position": 29,
		  "label": "Sidebar Width",
		  "value": 7,
		  "enable": true
		},
		{
		  "code": "Gimbal",
		  "position": 30,
		  "label": "Gimbal",
		  "value": 122,
		  "enable": false,
		  "class": "gymbal"
		},
		{
		  "code": "GPStime",
		  "position": 31,
		  "label": "GPS time",
		  "value": 341,
		  "enable": false
		},
		{
		  "code": "FRSkycells",
		  "position": 32,
		  "label": "FRSky cells",
		  "value": 232,
		  "enable": false
		},
		{
		  "code": "Mode",
		  "position": 33,
		  "label": "Mode",
		  "value": 38,
		  "enable": false,
		  "class": "mode"
		},
		{
		  "code": "Mapmode",
		  "position": 34,
		  "label": "Map Mode distance",
		  "value": 46,
		  "enable": false,
		  "class": "mapMode"
		},
		{
		  "code": "Mapcenter",
		  "position": 35,
		  "label": "Map Mode center",
		  "value": 195,
		  "enable": false,
		  "class": "mapCenter"
		},
		{
		  "code": "APstatus",
		  "position": 36,
		  "label": "AP status",
		  "value": 195,
		  "enable": false,
		  "class": "apStAtus"
		},
		{
		  "code": "Watts",
		  "position": 37,
		  "label": "Watts",
		  "value": 339,
		  "enable": false
		},
		{
		  "code": "Glidescope",
		  "position": 38,
		  "label": "Glidescope",
		  "value": 186,
		  "enable": false
		},
		{
		  "code": "CallSign",
		  "position": 39,
		  "label": "Call Sign",
		  "value": 280,
		  "enable": true,
		  "class": "callsign"
		},
		{
		  "code": "Debug",
		  "position": 40,
		  "label": "Debug",
		  "value": 220,
		  "enable": true
		}
	  ]
	},
	{
	  "name": "Clear",
	  "position": 3,
	  "elements": [
		{
		  "code": "Satindicator",
		  "position": 0,
		  "label": "Sat indicator",
		  "value": 49,
		  "enable": false,
		  "class": "gpsNumSettings"
		},
		{
		  "code": "Directionto home",
		  "position": 1,
		  "label": "Direction to home",
		  "value": 48,
		  "enable": false,
		  "class": "gpsDirectionSettings"
		},
		{
		  "code": "Distance",
		  "position": 2,
		  "label": "Distance",
		  "value": 40,
		  "enable": false,
		  "class": "gpsDistanceSettings"
		},
		{
		  "code": "Speed",
		  "position": 3,
		  "label": "Speed",
		  "value": 33,
		  "enable": false,
		  "class": "speedSettings"
		},
		{
		  "code": "Angleto home",
		  "position": 4,
		  "label": "Angle to home",
		  "value": 144,
		  "enable": false,
		  "class": "eagleToHomePositionSettings"
		},
		{
		  "code": "GPSaltitude",
		  "position": 5,
		  "label": "GPS altitude",
		  "value": 234,
		  "enable": false,
		  "class": "gpsAltitudeSettings"
		},
		{
		  "code": "Sensor",
		  "position": 6,
		  "label": "Sensor",
		  "value": 212,
		  "enable": false,
		  "class": "senzorsSettings"
		},
		{
		  "code": "Heading",
		  "position": 7,
		  "label": "Heading",
		  "value": 234,
		  "enable": false,
		  "class": "headingSettings"
		},
		{
		  "code": "Compass",
		  "position": 8,
		  "label": "Compass",
		  "value": 39,
		  "enable": false,
		  "class": "compassSettings"
		},
		{
		  "code": "Altitude",
		  "position": 9,
		  "label": "Altitude",
		  "value": 53,
		  "enable": false,
		  "class": "altitudeSettings"
		},
		{
		  "code": "ClimbRate",
		  "position": 10,
		  "label": "Climb Rate",
		  "value": 233,
		  "enable": false,
		  "class": "climbRateSettings"
		},
		{
		  "code": "Throttle",
		  "position": 11,
		  "label": "Throttle",
		  "value": 352,
		  "enable": false,
		  "class": "throttleSettings"
		},
		{
		  "code": "Unused",
		  "position": 12,
		  "label": "Unused",
		  "value": 382,
		  "enable": false,
		  "class": ""
		},
		{
		  "code": "Timer",
		  "position": 13,
		  "label": "Timer",
		  "value": 382,
		  "enable": false,
		  "class": "timerSettings"
		},
		{
		  "code": "ArmedStatus",
		  "position": 14,
		  "label": "Armed Status",
		  "value": 311,
		  "enable": true,
		  "class": "armedStatusSettings"
		},
		{
		  "code": "PitchAngle",
		  "position": 15,
		  "label": "Pitch Angle",
		  "value": 272,
		  "enable": false,
		  "class": "pichAngleSettings"
		},
		{
		  "code": "RollAngle",
		  "position": 16,
		  "label": "Roll Angle",
		  "value": 285,
		  "enable": false,
		  "class": "rollAngleSettings"
		},
		{
		  "code": "Latitude",
		  "position": 17,
		  "label": "Latitude",
		  "value": 2,
		  "enable": false,
		  "class": "latitudeSettings"
		},
		{
		  "code": "Longitude",
		  "position": 18,
		  "label": "Longitude",
		  "value": 17,
		  "enable": false,
		  "class": "longtitudeSettings"
		},
		{
		  "code": "RSSI",
		  "position": 19,
		  "label": "RSSI",
		  "value": 332,
		  "enable": false,
		  "class": "rssiSettings"
		},
		{
		  "code": "Temperature",
		  "position": 20,
		  "label": "Temperature",
		  "value": 212,
		  "enable": false,
		  "class": "tempeatureSettings"
		},
		{
		  "code": "Voltage- main",
		  "position": 21,
		  "label": "Voltage - main",
		  "value": 363,
		  "enable": false,
		  "class": "vBatSettings"
		},
		{
		  "code": "Voltage- video",
		  "position": 22,
		  "label": "Voltage - video",
		  "value": 303,
		  "enable": false,
		  "class": "vBatVidSettings"
		},
		{
		  "code": "Amps",
		  "position": 23,
		  "label": "Amps",
		  "value": 368,
		  "enable": false,
		  "class": "ampSettings"
		},
		{
		  "code": "mAh",
		  "position": 24,
		  "label": "mAh",
		  "value": 376,
		  "enable": false,
		  "class": "mahSettings"
		},
		{
		  "code": "AHI-horizon",
		  "position": 25,
		  "label": "AHI-horizon",
		  "value": 194,
		  "enable": false,
		  "class": "ahiHorizon"
		},
		{
		  "code": "AHI-sidebars",
		  "position": 26,
		  "label": "AHI-sidebars",
		  "value": 187,
		  "enable": false,
		  "ahiSidebars": "ahiSidebars"
		},
		{
		  "code": "AHI-changeicon",
		  "position": 27,
		  "label": "AHI-change icon",
		  "value": 187,
		  "enable": false,
		  "class": "ahiSidebarsIcon"
		},
		{
		  "code": "SidebarHeight",
		  "position": 28,
		  "label": "Sidebar Height",
		  "value": 3,
		  "enable": false,
		  "class": "ahiSidebarsHeight"
		},
		{
		  "code": "SidebarWidth",
		  "position": 29,
		  "label": "Sidebar Width",
		  "value": 7,
		  "enable": true
		},
		{
		  "code": "Gimbal",
		  "position": 30,
		  "label": "Gimbal",
		  "value": 122,
		  "enable": false,
		  "class": "gymbal"
		},
		{
		  "code": "GPStime",
		  "position": 31,
		  "label": "GPS time",
		  "value": 341,
		  "enable": false
		},
		{
		  "code": "FRSkycells",
		  "position": 32,
		  "label": "FRSky cells",
		  "value": 232,
		  "enable": false
		},
		{
		  "code": "Mode",
		  "position": 33,
		  "label": "Mode",
		  "value": 38,
		  "enable": false,
		  "class": "mode"
		},
		{
		  "code": "Mapmode",
		  "position": 34,
		  "label": "Map Mode distance",
		  "value": 46,
		  "enable": false,
		  "class": "mapMode"
		},
		{
		  "code": "Mapcenter",
		  "position": 35,
		  "label": "Map Mode center",
		  "value": 195,
		  "enable": false,
		  "class": "mapCenter"
		},
		{
		  "code": "APstatus",
		  "position": 36,
		  "label": "AP status",
		  "value": 195,
		  "enable": false,
		  "class": "apStAtus"
		},
		{
		  "code": "Watts",
		  "position": 37,
		  "label": "Watts",
		  "value": 339,
		  "enable": false
		},
		{
		  "code": "Glidescope",
		  "position": 38,
		  "label": "Glidescope",
		  "value": 186,
		  "enable": false
		},
		{
		  "code": "CallSign",
		  "position": 39,
		  "label": "Call Sign",
		  "value": 280,
		  "enable": false,
		  "class": "callsign"
		},
		{
		  "code": "Debug",
		  "position": 40,
		  "label": "Debug",
		  "value": 220,
		  "enable": false
		}
	  ]
	},
	{
	  "name": "MAP",
	  "position": 4,
	  "elements": [
		{
		  "code": "Satindicator",
		  "position": 0,
		  "label": "Sat indicator",
		  "value": 49,
		  "enable": false,
		  "class": "gpsNumSettings"
		},
		{
		  "code": "Directionto home",
		  "position": 1,
		  "label": "Direction to home",
		  "value": 49,
		  "enable": true,
		  "class": "gpsDirectionSettings"
		},
		{
		  "code": "Distance",
		  "position": 2,
		  "label": "Distance",
		  "value": 41,
		  "enable": true,
		  "class": "gpsDistanceSettings"
		},
		{
		  "code": "Speed",
		  "position": 3,
		  "label": "Speed",
		  "value": 33,
		  "enable": true,
		  "class": "speedSettings"
		},
		{
		  "code": "Angleto home",
		  "position": 4,
		  "label": "Angle to home",
		  "value": 144,
		  "enable": false,
		  "class": "eagleToHomePositionSettings"
		},
		{
		  "code": "GPSaltitude",
		  "position": 5,
		  "label": "GPS altitude",
		  "value": 234,
		  "enable": false,
		  "class": "gpsAltitudeSettings"
		},
		{
		  "code": "Sensor",
		  "position": 6,
		  "label": "Sensor",
		  "value": 212,
		  "enable": false,
		  "class": "senzorsSettings"
		},
		{
		  "code": "Heading",
		  "position": 7,
		  "label": "Heading",
		  "value": 234,
		  "enable": false,
		  "class": "headingSettings"
		},
		{
		  "code": "Compass",
		  "position": 8,
		  "label": "Compass",
		  "value": 39,
		  "enable": false,
		  "class": "compassSettings"
		},
		{
		  "code": "Altitude",
		  "position": 9,
		  "label": "Altitude",
		  "value": 53,
		  "enable": true,
		  "class": "altitudeSettings"
		},
		{
		  "code": "ClimbRate",
		  "position": 10,
		  "label": "Climb Rate",
		  "value": 233,
		  "enable": false,
		  "class": "climbRateSettings"
		},
		{
		  "code": "Throttle",
		  "position": 11,
		  "label": "Throttle",
		  "value": 352,
		  "enable": false,
		  "class": "throttleSettings"
		},
		{
		  "code": "Unused",
		  "position": 12,
		  "label": "Unused",
		  "value": 382,
		  "enable": true,
		  "class": ""
		},
		{
		  "code": "Timer",
		  "position": 13,
		  "label": "Timer",
		  "value": 382,
		  "enable": true,
		  "class": "timerSettings"
		},
		{
		  "code": "ArmedStatus",
		  "position": 14,
		  "label": "Armed Status",
		  "value": 311,
		  "enable": true,
		  "class": "armedStatusSettings"
		},
		{
		  "code": "PitchAngle",
		  "position": 15,
		  "label": "Pitch Angle",
		  "value": 272,
		  "enable": false,
		  "class": "pichAngleSettings"
		},
		{
		  "code": "RollAngle",
		  "position": 16,
		  "label": "Roll Angle",
		  "value": 285,
		  "enable": false,
		  "class": "rollAngleSettings"
		},
		{
		  "code": "Latitude",
		  "position": 17,
		  "label": "Latitude",
		  "value": 2,
		  "enable": true,
		  "class": "latitudeSettings"
		},
		{
		  "code": "Longitude",
		  "position": 18,
		  "label": "Longitude",
		  "value": 17,
		  "enable": true,
		  "class": "longtitudeSettings"
		},
		{
		  "code": "RSSI",
		  "position": 19,
		  "label": "RSSI",
		  "value": 332,
		  "enable": false,
		  "class": "rssiSettings"
		},
		{
		  "code": "Temperature",
		  "position": 20,
		  "label": "Temperature",
		  "value": 212,
		  "enable": false,
		  "class": "tempeatureSettings"
		},
		{
		  "code": "Voltage- main",
		  "position": 21,
		  "label": "Voltage - main",
		  "value": 363,
		  "enable": true,
		  "class": "vBatSettings"
		},
		{
		  "code": "Voltage- video",
		  "position": 22,
		  "label": "Voltage - video",
		  "value": 303,
		  "enable": false,
		  "class": "vBatVidSettings"
		},
		{
		  "code": "Amps",
		  "position": 23,
		  "label": "Amps",
		  "value": 368,
		  "enable": true,
		  "class": "ampSettings"
		},
		{
		  "code": "mAh",
		  "position": 24,
		  "label": "mAh",
		  "value": 376,
		  "enable": true,
		  "class": "mahSettings"
		},
		{
		  "code": "AHI-horizon",
		  "position": 25,
		  "label": "AHI-horizon",
		  "value": 194,
		  "enable": false,
		  "class": "ahiHorizon"
		},
		{
		  "code": "AHI-sidebars",
		  "position": 26,
		  "label": "AHI-sidebars",
		  "value": 187,
		  "enable": false,
		  "ahiSidebars": "ahiSidebars"
		},
		{
		  "code": "AHI-changeicon",
		  "position": 27,
		  "label": "AHI-change icon",
		  "value": 187,
		  "enable": false,
		  "class": "ahiSidebarsIcon"
		},
		{
		  "code": "SidebarHeight",
		  "position": 28,
		  "label": "Sidebar Height",
		  "value": 3,
		  "enable": false,
		  "class": "ahiSidebarsHeight"
		},
		{
		  "code": "SidebarWidth",
		  "position": 29,
		  "label": "Sidebar Width",
		  "value": 7,
		  "enable": true
		},
		{
		  "code": "Gimbal",
		  "position": 30,
		  "label": "Gimbal",
		  "value": 122,
		  "enable": false,
		  "class": "gymbal"
		},
		{
		  "code": "GPStime",
		  "position": 31,
		  "label": "GPS time",
		  "value": 341,
		  "enable": false
		},
		{
		  "code": "FRSkycells",
		  "position": 32,
		  "label": "FRSky cells",
		  "value": 232,
		  "enable": false
		},
		{
		  "code": "Mode",
		  "position": 33,
		  "label": "Mode",
		  "value": 37,
		  "enable": true,
		  "class": "mode"
		},
		{
		  "code": "Mapmode",
		  "position": 34,
		  "label": "Map Mode distance",
		  "value": 47,
		  "enable": true,
		  "class": "mapMode"
		},
		{
		  "code": "Mapcenter",
		  "position": 35,
		  "label": "Map Mode center",
		  "value": 194,
		  "enable": true,
		  "class": "mapCenter"
		},
		{
		  "code": "APstatus",
		  "position": 36,
		  "label": "AP status",
		  "value": 195,
		  "enable": false,
		  "class": "apStAtus"
		},
		{
		  "code": "Watts",
		  "position": 37,
		  "label": "Watts",
		  "value": 339,
		  "enable": false
		},
		{
		  "code": "Glidescope",
		  "position": 38,
		  "label": "Glidescope",
		  "value": 186,
		  "enable": false
		},
		{
		  "code": "CallSign",
		  "position": 39,
		  "label": "Call Sign",
		  "value": 280,
		  "enable": true,
		  "class": "callsign"
		},
		{
		  "code": "Debug",
		  "position": 40,
		  "label": "Debug",
		  "value": 220,
		  "enable": true
		}
	  ]
	},
	{
	  "name": "F15",
	  "position": 5,
	  "elements": [
		{
		  "code": "Satindicator",
		  "position": 0,
		  "label": "Sat indicator",
		  "value": 62,
		  "enable": true,
		  "class": "gpsNumSettings"
		},
		{
		  "code": "Directionto home",
		  "position": 1,
		  "label": "Direction to home",
		  "value": 372,
		  "enable": true,
		  "class": "gpsDirectionSettings"
		},
		{
		  "code": "Distance",
		  "position": 2,
		  "label": "Distance",
		  "value": 374,
		  "enable": true,
		  "class": "gpsDistanceSettings"
		},
		{
		  "code": "Speed",
		  "position": 3,
		  "label": "Speed",
		  "value": 96,
		  "enable": true,
		  "class": "speedSettings"
		},
		{
		  "code": "Angleto home",
		  "position": 4,
		  "label": "Angle to home",
		  "value": 144,
		  "enable": false,
		  "class": "eagleToHomePositionSettings"
		},
		{
		  "code": "GPSaltitude",
		  "position": 5,
		  "label": "GPS altitude",
		  "value": 234,
		  "enable": false,
		  "class": "gpsAltitudeSettings"
		},
		{
		  "code": "Sensor",
		  "position": 6,
		  "label": "Sensor",
		  "value": 36,
		  "enable": false,
		  "class": "senzorsSettings"
		},
		{
		  "code": "Heading",
		  "position": 7,
		  "label": "Heading",
		  "value": 234,
		  "enable": false,
		  "class": "headingSettings"
		},
		{
		  "code": "Compass",
		  "position": 8,
		  "label": "Compass",
		  "value": 40,
		  "enable": false,
		  "class": "compassSettings"
		},
		{
		  "code": "Altitude",
		  "position": 9,
		  "label": "Altitude",
		  "value": 110,
		  "enable": true,
		  "class": "altitudeSettings"
		},
		{
		  "code": "ClimbRate",
		  "position": 10,
		  "label": "Climb Rate",
		  "value": 202,
		  "enable": true,
		  "class": "climbRateSettings"
		},
		{
		  "code": "Throttle",
		  "position": 11,
		  "label": "Throttle",
		  "value": 352,
		  "enable": false,
		  "class": "throttleSettings"
		},
		{
		  "code": "Unused",
		  "position": 12,
		  "label": "Unused",
		  "value": 289,
		  "enable": true,
		  "class": ""
		},
		{
		  "code": "Timer",
		  "position": 13,
		  "label": "Timer",
		  "value": 289,
		  "enable": true,
		  "class": "timerSettings"
		},
		{
		  "code": "ArmedStatus",
		  "position": 14,
		  "label": "Armed Status",
		  "value": 71,
		  "enable": true,
		  "class": "armedStatusSettings"
		},
		{
		  "code": "PitchAngle",
		  "position": 15,
		  "label": "Pitch Angle",
		  "value": 272,
		  "enable": false,
		  "class": "pichAngleSettings"
		},
		{
		  "code": "RollAngle",
		  "position": 16,
		  "label": "Roll Angle",
		  "value": 285,
		  "enable": false,
		  "class": "rollAngleSettings"
		},
		{
		  "code": "Latitude",
		  "position": 17,
		  "label": "Latitude",
		  "value": 32,
		  "enable": true,
		  "class": "latitudeSettings"
		},
		{
		  "code": "Longitude",
		  "position": 18,
		  "label": "Longitude",
		  "value": 47,
		  "enable": true,
		  "class": "longtitudeSettings"
		},
		{
		  "code": "RSSI",
		  "position": 19,
		  "label": "RSSI",
		  "value": 335,
		  "enable": true,
		  "class": "rssiSettings"
		},
		{
		  "code": "Temperature",
		  "position": 20,
		  "label": "Temperature",
		  "value": 213,
		  "enable": false,
		  "class": "tempeatureSettings"
		},
		{
		  "code": "Voltage- main",
		  "position": 21,
		  "label": "Voltage - main",
		  "value": 275,
		  "enable": true,
		  "class": "vBatSettings"
		},
		{
		  "code": "Voltage- video",
		  "position": 22,
		  "label": "Voltage - video",
		  "value": 303,
		  "enable": false,
		  "class": "vBatVidSettings"
		},
		{
		  "code": "Amps",
		  "position": 23,
		  "label": "Amps",
		  "value": 304,
		  "enable": true,
		  "class": "ampSettings"
		},
		{
		  "code": "mAh",
		  "position": 24,
		  "label": "mAh",
		  "value": 319,
		  "enable": true,
		  "class": "mahSettings"
		},
		{
		  "code": "AHI-horizon",
		  "position": 25,
		  "label": "AHI-horizon",
		  "value": 194,
		  "enable": true,
		  "class": "ahiHorizon"
		},
		{
		  "code": "AHI-sidebars",
		  "position": 26,
		  "label": "AHI-sidebars",
		  "value": 187,
		  "enable": true,
		  "ahiSidebars": "ahiSidebars"
		},
		{
		  "code": "AHI-changeicon",
		  "position": 27,
		  "label": "AHI-change icon",
		  "value": 187,
		  "enable": false,
		  "class": "ahiSidebarsIcon"
		},
		{
		  "code": "SidebarHeight",
		  "position": 28,
		  "label": "Sidebar Height",
		  "value": 2,
		  "enable": false,
		  "class": "ahiSidebarsHeight"
		},
		{
		  "code": "SidebarWidth",
		  "position": 29,
		  "label": "Sidebar Width",
		  "value": 7,
		  "enable": true
		},
		{
		  "code": "Gimbal",
		  "position": 30,
		  "label": "Gimbal",
		  "value": 122,
		  "enable": false,
		  "class": "gymbal"
		},
		{
		  "code": "GPStime",
		  "position": 31,
		  "label": "GPS time",
		  "value": 341,
		  "enable": false
		},
		{
		  "code": "FRSkycells",
		  "position": 32,
		  "label": "FRSky cells",
		  "value": 232,
		  "enable": false
		},
		{
		  "code": "Mode",
		  "position": 33,
		  "label": "Mode",
		  "value": 123,
		  "enable": false,
		  "class": "mode"
		},
		{
		  "code": "Mapmode",
		  "position": 34,
		  "label": "Map Mode distance",
		  "value": 46,
		  "enable": false,
		  "class": "mapMode"
		},
		{
		  "code": "Mapcenter",
		  "position": 35,
		  "label": "Map Mode center",
		  "value": 195,
		  "enable": false,
		  "class": "mapCenter"
		},
		{
		  "code": "APstatus",
		  "position": 36,
		  "label": "AP status",
		  "value": 195,
		  "enable": false,
		  "class": "apStAtus"
		},
		{
		  "code": "Watts",
		  "position": 37,
		  "label": "Watts",
		  "value": 339,
		  "enable": false
		},
		{
		  "code": "Glidescope",
		  "position": 38,
		  "label": "Glidescope",
		  "value": 186,
		  "enable": false
		},
		{
		  "code": "CallSign",
		  "position": 39,
		  "label": "Call Sign",
		  "value": 280,
		  "enable": true
		},
		{
		  "code": "Debug",
		  "position": 40,
		  "label": "Debug",
		  "value": 220,
		  "enable": true
		}
	  ]
	},
	{
	  "name": "Embraer",
	  "position": 6,
	  "elements": [
		{
		  "code": "Satindicator",
		  "position": 0,
		  "label": "Sat indicator",
		  "value": 53,
		  "enable": true,
		  "class": "gpsNumSettings"
		},
		{
		  "code": "Directionto home",
		  "position": 1,
		  "label": "Direction to home",
		  "value": 344,
		  "enable": true,
		  "class": "gpsDirectionSettings"
		},
		{
		  "code": "Distance",
		  "position": 2,
		  "label": "Distance",
		  "value": 363,
		  "enable": true,
		  "class": "gpsDistanceSettings"
		},
		{
		  "code": "Speed",
		  "position": 3,
		  "label": "Speed",
		  "value": 303,
		  "enable": true,
		  "class": "speedSettings"
		},
		{
		  "code": "Angleto home",
		  "position": 4,
		  "label": "Angle to home",
		  "value": 144,
		  "enable": false,
		  "class": "eagleToHomePositionSettings"
		},
		{
		  "code": "GPSaltitude",
		  "position": 5,
		  "label": "GPS altitude",
		  "value": 234,
		  "enable": false,
		  "class": "gpsAltitudeSettings"
		},
		{
		  "code": "Sensor",
		  "position": 6,
		  "label": "Sensor",
		  "value": 36,
		  "enable": false,
		  "class": "senzorsSettings"
		},
		{
		  "code": "Heading",
		  "position": 7,
		  "label": "Heading",
		  "value": 234,
		  "enable": false,
		  "class": "headingSettings"
		},
		{
		  "code": "Compass",
		  "position": 8,
		  "label": "Compass",
		  "value": 370,
		  "enable": true,
		  "class": "compassSettings"
		},
		{
		  "code": "Altitude",
		  "position": 9,
		  "label": "Altitude",
		  "value": 333,
		  "enable": true,
		  "class": "altitudeSettings"
		},
		{
		  "code": "ClimbRate",
		  "position": 10,
		  "label": "Climb Rate",
		  "value": 202,
		  "enable": false,
		  "class": "climbRateSettings"
		},
		{
		  "code": "Throttle",
		  "position": 11,
		  "label": "Throttle",
		  "value": 352,
		  "enable": false,
		  "class": "throttleSettings"
		},
		{
		  "code": "Unused",
		  "position": 12,
		  "label": "Unused",
		  "value": 382,
		  "enable": true,
		  "class": ""
		},
		{
		  "code": "Timer",
		  "position": 13,
		  "label": "Timer",
		  "value": 382,
		  "enable": true,
		  "class": "timerSettings"
		},
		{
		  "code": "ArmedStatus",
		  "position": 14,
		  "label": "Armed Status",
		  "value": 311,
		  "enable": true,
		  "class": "armedStatusSettings"
		},
		{
		  "code": "PitchAngle",
		  "position": 15,
		  "label": "Pitch Angle",
		  "value": 272,
		  "enable": false,
		  "class": "pichAngleSettings"
		},
		{
		  "code": "RollAngle",
		  "position": 16,
		  "label": "Roll Angle",
		  "value": 285,
		  "enable": false,
		  "class": "rollAngleSettings"
		},
		{
		  "code": "Latitude",
		  "position": 17,
		  "label": "Latitude",
		  "value": 2,
		  "enable": true,
		  "class": "latitudeSettings"
		},
		{
		  "code": "Longitude",
		  "position": 18,
		  "label": "Longitude",
		  "value": 17,
		  "enable": true,
		  "class": "longtitudeSettings"
		},
		{
		  "code": "RSSI",
		  "position": 19,
		  "label": "RSSI",
		  "value": 85,
		  "enable": true,
		  "class": "rssiSettings"
		},
		{
		  "code": "Temperature",
		  "position": 20,
		  "label": "Temperature",
		  "value": 213,
		  "enable": false,
		  "class": "tempeatureSettings"
		},
		{
		  "code": "Voltage- main",
		  "position": 21,
		  "label": "Voltage - main",
		  "value": 353,
		  "enable": true,
		  "class": "vBatSettings"
		},
		{
		  "code": "Voltage- video",
		  "position": 22,
		  "label": "Voltage - video",
		  "value": 263,
		  "enable": true,
		  "class": "vBatVidSettings"
		},
		{
		  "code": "Amps",
		  "position": 23,
		  "label": "Amps",
		  "value": 292,
		  "enable": true,
		  "class": "ampSettings"
		},
		{
		  "code": "mAh",
		  "position": 24,
		  "label": "mAh",
		  "value": 322,
		  "enable": true,
		  "class": "mahSettings"
		},
		{
		  "code": "AHI-horizon",
		  "position": 25,
		  "label": "AHI-horizon",
		  "value": 194,
		  "enable": false,
		  "class": "ahiHorizon"
		},
		{
		  "code": "AHI-sidebars",
		  "position": 26,
		  "label": "AHI-sidebars",
		  "value": 187,
		  "enable": false,
		  "ahiSidebars": "ahiSidebars"
		},
		{
		  "code": "AHI-changeicon",
		  "position": 27,
		  "label": "AHI-change icon",
		  "value": 187,
		  "enable": false,
		  "class": "ahiSidebarsIcon"
		},
		{
		  "code": "SidebarHeight",
		  "position": 28,
		  "label": "Sidebar Height",
		  "value": 3,
		  "enable": false,
		  "class": "ahiSidebarsHeight"
		},
		{
		  "code": "SidebarWidth",
		  "position": 29,
		  "label": "Sidebar Width",
		  "value": 7,
		  "enable": true
		},
		{
		  "code": "Gimbal",
		  "position": 30,
		  "label": "Gimbal",
		  "value": 122,
		  "enable": false,
		  "class": "gymbal"
		},
		{
		  "code": "GPStime",
		  "position": 31,
		  "label": "GPS time",
		  "value": 341,
		  "enable": false
		},
		{
		  "code": "FRSkycells",
		  "position": 32,
		  "label": "FRSky cells",
		  "value": 232,
		  "enable": false
		},
		{
		  "code": "Mode",
		  "position": 33,
		  "label": "Mode",
		  "value": 33,
		  "enable": true,
		  "class": "mode"
		},
		{
		  "code": "Mapmode",
		  "position": 34,
		  "label": "Map Mode distance",
		  "value": 46,
		  "enable": false,
		  "class": "mapMode"
		},
		{
		  "code": "Mapcenter",
		  "position": 35,
		  "label": "Map Mode center",
		  "value": 195,
		  "enable": false,
		  "class": "mapCenter"
		},
		{
		  "code": "APstatus",
		  "position": 36,
		  "label": "AP status",
		  "value": 195,
		  "enable": false,
		  "class": "apStAtus"
		},
		{
		  "code": "Watts",
		  "position": 37,
		  "label": "Watts",
		  "value": 339,
		  "enable": false
		},
		{
		  "code": "Glidescope",
		  "position": 38,
		  "label": "Glidescope",
		  "value": 186,
		  "enable": false
		},
		{
		  "code": "CallSign",
		  "position": 39,
		  "label": "Call Sign",
		  "value": 280,
		  "enable": true,
		  "class": "callsign"
		},
		{
		  "code": "Debug",
		  "position": 40,
		  "label": "Debug",
		  "value": 220,
		  "enable": true
		}
	  ]
	},
	{
	  "name": "NAHI",
	  "position": 7,
	  "elements": [
		{
		  "code": "Satindicator",
		  "position": 0,
		  "label": "Sat indicator",
		  "value": 54,
		  "enable": true,
		  "class": "gpsNumSettings"
		},
		{
		  "code": "Directionto home",
		  "position": 1,
		  "label": "Direction to home",
		  "value": 74,
		  "enable": true,
		  "class": "gpsDirectionSettings"
		},
		{
		  "code": "Distance",
		  "position": 2,
		  "label": "Distance",
		  "value": 372,
		  "enable": true,
		  "class": "gpsDistanceSettings"
		},
		{
		  "code": "Speed",
		  "position": 3,
		  "label": "Speed",
		  "value": 93,
		  "enable": true,
		  "class": "speedSettings"
		},
		{
		  "code": "Angleto home",
		  "position": 4,
		  "label": "Angle to home",
		  "value": 144,
		  "enable": false,
		  "class": "eagleToHomePositionSettings"
		},
		{
		  "code": "GPSaltitude",
		  "position": 5,
		  "label": "GPS altitude",
		  "value": 234,
		  "enable": false,
		  "class": "gpsAltitudeSettings"
		},
		{
		  "code": "Sensor",
		  "position": 6,
		  "label": "Sensor",
		  "value": 32,
		  "enable": false,
		  "class": "senzorsSettings"
		},
		{
		  "code": "Heading",
		  "position": 7,
		  "label": "Heading",
		  "value": 114,
		  "enable": false,
		  "class": "headingSettings"
		},
		{
		  "code": "Compass",
		  "position": 8,
		  "label": "Compass",
		  "value": 100,
		  "enable": true,
		  "class": "compassSettings"
		},
		{
		  "code": "Altitude",
		  "position": 9,
		  "label": "Altitude",
		  "value": 113,
		  "enable": true,
		  "class": "altitudeSettings"
		},
		{
		  "code": "ClimbRate",
		  "position": 10,
		  "label": "Climb Rate",
		  "value": 202,
		  "enable": false,
		  "class": "climbRateSettings"
		},
		{
		  "code": "Throttle",
		  "position": 11,
		  "label": "Throttle",
		  "value": 352,
		  "enable": false,
		  "class": "throttleSettings"
		},
		{
		  "code": "Unused",
		  "position": 12,
		  "label": "Unused",
		  "value": 41,
		  "enable": true,
		  "class": ""
		},
		{
		  "code": "Timer",
		  "position": 13,
		  "label": "Timer",
		  "value": 41,
		  "enable": true,
		  "class": "timerSettings"
		},
		{
		  "code": "ArmedStatus",
		  "position": 14,
		  "label": "Armed Status",
		  "value": 311,
		  "enable": true,
		  "class": "armedStatusSettings"
		},
		{
		  "code": "PitchAngle",
		  "position": 15,
		  "label": "Pitch Angle",
		  "value": 272,
		  "enable": false,
		  "class": "pichAngleSettings"
		},
		{
		  "code": "RollAngle",
		  "position": 16,
		  "label": "Roll Angle",
		  "value": 285,
		  "enable": false,
		  "class": "rollAngleSettings"
		},
		{
		  "code": "Latitude",
		  "position": 17,
		  "label": "Latitude",
		  "value": 2,
		  "enable": true,
		  "class": "latitudeSettings"
		},
		{
		  "code": "Longitude",
		  "position": 18,
		  "label": "Longitude",
		  "value": 17,
		  "enable": true,
		  "class": "longtitudeSettings"
		},
		{
		  "code": "RSSI",
		  "position": 19,
		  "label": "RSSI",
		  "value": 32,
		  "enable": true,
		  "class": "rssiSettings"
		},
		{
		  "code": "Temperature",
		  "position": 20,
		  "label": "Temperature",
		  "value": 213,
		  "enable": false,
		  "class": "tempeatureSettings"
		},
		{
		  "code": "Voltage- main",
		  "position": 21,
		  "label": "Voltage - main",
		  "value": 383,
		  "enable": true,
		  "class": "vBatSettings"
		},
		{
		  "code": "Voltage- video",
		  "position": 22,
		  "label": "Voltage - video",
		  "value": 353,
		  "enable": true,
		  "class": "vBatVidSettings"
		},
		{
		  "code": "Amps",
		  "position": 23,
		  "label": "Amps",
		  "value": 361,
		  "enable": true,
		  "class": "ampSettings"
		},
		{
		  "code": "mAh",
		  "position": 24,
		  "label": "mAh",
		  "value": 332,
		  "enable": true,
		  "class": "mahSettings"
		},
		{
		  "code": "AHI-horizon",
		  "position": 25,
		  "label": "AHI-horizon",
		  "value": 194,
		  "enable": false,
		  "class": "ahiHorizon"
		},
		{
		  "code": "AHI-sidebars",
		  "position": 26,
		  "label": "AHI-sidebars",
		  "value": 187,
		  "enable": true
		},
		{
		  "code": "AHI-changeicon",
		  "position": 27,
		  "label": "AHI-change icon",
		  "value": 187,
		  "enable": true,
		  "class": "ahiSidebarsIcon"
		},
		{
		  "code": "SidebarHeight",
		  "position": 28,
		  "label": "Sidebar Height",
		  "value": 3,
		  "enable": false,
		  "class": "ahiSidebarsHeight"
		},
		{
		  "code": "SidebarWidth",
		  "position": 29,
		  "label": "Sidebar Width",
		  "value": 7,
		  "enable": true
		},
		{
		  "code": "Gimbal",
		  "position": 30,
		  "label": "Gimbal",
		  "value": 122,
		  "enable": false,
		  "class": "gymbal"
		},
		{
		  "code": "GPStime",
		  "position": 31,
		  "label": "GPS time",
		  "value": 341,
		  "enable": false
		},
		{
		  "code": "FRSkycells",
		  "position": 32,
		  "label": "FRSky cells",
		  "value": 232,
		  "enable": false
		},
		{
		  "code": "Mode",
		  "position": 33,
		  "label": "Mode",
		  "value": 50,
		  "enable": true,
		  "class": "mode"
		},
		{
		  "code": "Mapmode",
		  "position": 34,
		  "label": "Map Mode distance",
		  "value": 46,
		  "enable": false,
		  "class": "mapMode"
		},
		{
		  "code": "Mapcenter",
		  "position": 35,
		  "label": "Map Mode center",
		  "value": 194,
		  "enable": false,
		  "class": "mapCenter"
		},
		{
		  "code": "APstatus",
		  "position": 36,
		  "label": "AP status",
		  "value": 195,
		  "enable": false,
		  "class": "apStAtus"
		},
		{
		  "code": "Watts",
		  "position": 37,
		  "label": "Watts",
		  "value": 339,
		  "enable": false
		},
		{
		  "code": "Glidescope",
		  "position": 38,
		  "label": "Glidescope",
		  "value": 186,
		  "enable": false
		},
		{
		  "code": "CallSign",
		  "position": 39,
		  "label": "Call Sign",
		  "value": 280,
		  "enable": true,
		  "class": "callsign"
		},
		{
		  "code": "Debug",
		  "position": 40,
		  "label": "Debug",
		  "value": 220,
		  "enable": true
		}
	  ]
	},
	{
	  "name": "Groundstation",
	  "position": 8,
	  "elements": [
		{
		  "code": "Satindicator",
		  "position": 0,
		  "label": "Sat indicator",
		  "value": 32,
		  "enable": false,
		  "class": "gpsNumSettings"
		},
		{
		  "code": "Directionto home",
		  "position": 1,
		  "label": "Direction to home",
		  "value": 51,
		  "enable": false,
		  "class": "gpsDirectionSettings"
		},
		{
		  "code": "Distance",
		  "position": 2,
		  "label": "Distance",
		  "value": 54,
		  "enable": false,
		  "class": "gpsDistanceSettings"
		},
		{
		  "code": "Speed",
		  "position": 3,
		  "label": "Speed",
		  "value": 183,
		  "enable": false,
		  "class": "speedSettings"
		},
		{
		  "code": "Angleto home",
		  "position": 4,
		  "label": "Angle to home",
		  "value": 144,
		  "enable": false,
		  "class": "eagleToHomePositionSettings"
		},
		{
		  "code": "GPSaltitude",
		  "position": 5,
		  "label": "GPS altitude",
		  "value": 84,
		  "enable": false,
		  "class": "gpsAltitudeSettings"
		},
		{
		  "code": "Sensor",
		  "position": 6,
		  "label": "Sensor",
		  "value": 36,
		  "enable": false,
		  "class": "senzorsSettings"
		},
		{
		  "code": "Heading",
		  "position": 7,
		  "label": "Heading",
		  "value": 114,
		  "enable": false,
		  "class": "headingSettings"
		},
		{
		  "code": "Compass",
		  "position": 8,
		  "label": "Compass",
		  "value": 40,
		  "enable": false,
		  "class": "compassSettings"
		},
		{
		  "code": "Altitude",
		  "position": 9,
		  "label": "Altitude",
		  "value": 203,
		  "enable": false,
		  "class": "altitudeSettings"
		},
		{
		  "code": "ClimbRate",
		  "position": 10,
		  "label": "Climb Rate",
		  "value": 202,
		  "enable": false,
		  "class": "climbRateSettings"
		},
		{
		  "code": "Throttle",
		  "position": 11,
		  "label": "Throttle",
		  "value": 352,
		  "enable": false,
		  "class": "throttleSettings"
		},
		{
		  "code": "Unused",
		  "position": 12,
		  "label": "Unused",
		  "value": 382,
		  "enable": true,
		  "class": ""
		},
		{
		  "code": "Timer",
		  "position": 13,
		  "label": "Timer",
		  "value": 382,
		  "enable": true,
		  "class": "timerSettings"
		},
		{
		  "code": "ArmedStatus",
		  "position": 14,
		  "label": "Armed Status",
		  "value": 311,
		  "enable": false,
		  "class": "armedStatusSettings"
		},
		{
		  "code": "PitchAngle",
		  "position": 15,
		  "label": "Pitch Angle",
		  "value": 272,
		  "enable": false,
		  "class": "pichAngleSettings"
		},
		{
		  "code": "RollAngle",
		  "position": 16,
		  "label": "Roll Angle",
		  "value": 287,
		  "enable": false,
		  "class": "rollAngleSettings"
		},
		{
		  "code": "Latitude",
		  "position": 17,
		  "label": "Latitude",
		  "value": 2,
		  "enable": false,
		  "class": "latitudeSettings"
		},
		{
		  "code": "Longitude",
		  "position": 18,
		  "label": "Longitude",
		  "value": 15,
		  "enable": false,
		  "class": "longtitudeSettings"
		},
		{
		  "code": "RSSI",
		  "position": 19,
		  "label": "RSSI",
		  "value": 377,
		  "enable": true,
		  "class": "rssiSettings"
		},
		{
		  "code": "Temperature",
		  "position": 20,
		  "label": "Temperature",
		  "value": 213,
		  "enable": false,
		  "class": "tempeatureSettings"
		},
		{
		  "code": "Voltage- main",
		  "position": 21,
		  "label": "Voltage - main",
		  "value": 363,
		  "enable": true,
		  "class": "vBatSettings"
		},
		{
		  "code": "Voltage- video",
		  "position": 22,
		  "label": "Voltage - video",
		  "value": 369,
		  "enable": false,
		  "class": "vBatVidSettings"
		},
		{
		  "code": "Amps",
		  "position": 23,
		  "label": "Amps",
		  "value": 369,
		  "enable": false,
		  "class": "ampSettings"
		},
		{
		  "code": "mAh",
		  "position": 24,
		  "label": "mAh",
		  "value": 376,
		  "enable": false,
		  "class": "mahSettings"
		},
		{
		  "code": "AHI-horizon",
		  "position": 25,
		  "label": "AHI-horizon",
		  "value": 187,
		  "enable": false,
		  "class": "ahiHorizon"
		},
		{
		  "code": "AHI-sidebars",
		  "position": 26,
		  "label": "AHI-sidebars",
		  "value": 194,
		  "enable": true
		},
		{
		  "code": "AHI-changeicon",
		  "position": 27,
		  "label": "AHI-change icon",
		  "value": 187,
		  "enable": true,
		  "class": "ahiSidebarsIcon"
		},
		{
		  "code": "SidebarHeight",
		  "position": 28,
		  "label": "Sidebar Height",
		  "value": 3,
		  "enable": false,
		  "class": "ahiSidebarsHeight"
		},
		{
		  "code": "SidebarWidth",
		  "position": 29,
		  "label": "Sidebar Width",
		  "value": 7,
		  "enable": true
		},
		{
		  "code": "Gimbal",
		  "position": 30,
		  "label": "Gimbal",
		  "value": 122,
		  "enable": false,
		  "class": "gymbal"
		},
		{
		  "code": "GPStime",
		  "position": 31,
		  "label": "GPS time",
		  "value": 341,
		  "enable": false
		},
		{
		  "code": "FRSkycells",
		  "position": 32,
		  "label": "FRSky cells",
		  "value": 232,
		  "enable": false
		},
		{
		  "code": "Mode",
		  "position": 33,
		  "label": "Mode",
		  "value": 92,
		  "enable": false,
		  "class": "mode"
		},
		{
		  "code": "Mapmode",
		  "position": 34,
		  "label": "Map Mode distance",
		  "value": 46,
		  "enable": false,
		  "class": "mapMode"
		},
		{
		  "code": "Mapcenter",
		  "position": 35,
		  "label": "Map Mode center",
		  "value": 195,
		  "enable": false,
		  "class": "mapCenter"
		},
		{
		  "code": "APstatus",
		  "position": 36,
		  "label": "AP status",
		  "value": 220,
		  "enable": false,
		  "class": "apStAtus"
		},
		{
		  "code": "Watts",
		  "position": 37,
		  "label": "Watts",
		  "value": 339,
		  "enable": false
		},
		{
		  "code": "Glidescope",
		  "position": 38,
		  "label": "Glidescope",
		  "value": 186,
		  "enable": false
		},
		{
		  "code": "CallSign",
		  "position": 39,
		  "label": "Call Sign",
		  "value": 280,
		  "enable": true,
		  "class": "callsign"
		},
		{
		  "code": "Debug",
		  "position": 40,
		  "label": "Debug",
		  "value": 220,
		  "enable": false
		}
	  ]
	},
	{
	  "name": "Standalone",
	  "position": 9,
	  "elements": [
		{
		  "code": "Satindicator",
		  "position": 0,
		  "label": "Sat indicator",
		  "value": 32,
		  "enable": false,
		  "class": "gpsNumSettings"
		},
		{
		  "code": "Directionto home",
		  "position": 1,
		  "label": "Direction to home",
		  "value": 51,
		  "enable": false,
		  "class": "gpsDirectionSettings"
		},
		{
		  "code": "Distance",
		  "position": 2,
		  "label": "Distance",
		  "value": 54,
		  "enable": false,
		  "class": "gpsDistanceSettings"
		},
		{
		  "code": "Speed",
		  "position": 3,
		  "label": "Speed",
		  "value": 183,
		  "enable": false,
		  "class": "speedSettings"
		},
		{
		  "code": "Angleto home",
		  "position": 4,
		  "label": "Angle to home",
		  "value": 144,
		  "enable": false,
		  "class": "eagleToHomePositionSettings"
		},
		{
		  "code": "GPSaltitude",
		  "position": 5,
		  "label": "GPS altitude",
		  "value": 84,
		  "enable": false,
		  "class": "gpsAltitudeSettings"
		},
		{
		  "code": "Sensor",
		  "position": 6,
		  "label": "Sensor",
		  "value": 36,
		  "enable": false,
		  "class": "senzorsSettings"
		},
		{
		  "code": "Heading",
		  "position": 7,
		  "label": "Heading",
		  "value": 114,
		  "enable": false,
		  "class": "headingSettings"
		},
		{
		  "code": "Compass",
		  "position": 8,
		  "label": "Compass",
		  "value": 40,
		  "enable": false,
		  "class": "compassSettings"
		},
		{
		  "code": "Altitude",
		  "position": 9,
		  "label": "Altitude",
		  "value": 203,
		  "enable": false,
		  "class": "altitudeSettings"
		},
		{
		  "code": "ClimbRate",
		  "position": 10,
		  "label": "Climb Rate",
		  "value": 202,
		  "enable": false,
		  "class": "climbRateSettings"
		},
		{
		  "code": "Throttle",
		  "position": 11,
		  "label": "Throttle",
		  "value": 352,
		  "enable": false,
		  "class": "throttleSettings"
		},
		{
		  "code": "Unused",
		  "position": 12,
		  "label": "Unused",
		  "value": 382,
		  "enable": true,
		  "class": ""
		},
		{
		  "code": "Timer",
		  "position": 13,
		  "label": "Timer",
		  "value": 382,
		  "enable": true,
		  "class": "timerSettings"
		},
		{
		  "code": "ArmedStatus",
		  "position": 14,
		  "label": "Armed Status",
		  "value": 311,
		  "enable": false,
		  "class": "armedStatusSettings"
		},
		{
		  "code": "PitchAngle",
		  "position": 15,
		  "label": "Pitch Angle",
		  "value": 272,
		  "enable": false,
		  "class": "pichAngleSettings"
		},
		{
		  "code": "RollAngle",
		  "position": 16,
		  "label": "Roll Angle",
		  "value": 287,
		  "enable": false,
		  "class": "rollAngleSettings"
		},
		{
		  "code": "Latitude",
		  "position": 17,
		  "label": "Latitude",
		  "value": 2,
		  "enable": false,
		  "class": "latitudeSettings"
		},
		{
		  "code": "Longitude",
		  "position": 18,
		  "label": "Longitude",
		  "value": 15,
		  "enable": false,
		  "class": "longtitudeSettings"
		},
		{
		  "code": "RSSI",
		  "position": 19,
		  "label": "RSSI",
		  "value": 354,
		  "enable": true,
		  "class": "rssiSettings"
		},
		{
		  "code": "Temperature",
		  "position": 20,
		  "label": "Temperature",
		  "value": 213,
		  "enable": false,
		  "class": "tempeatureSettings"
		},
		{
		  "code": "Voltage- main",
		  "position": 21,
		  "label": "Voltage - main",
		  "value": 363,
		  "enable": true,
		  "class": "vBatSettings"
		},
		{
		  "code": "Voltage- video",
		  "position": 22,
		  "label": "Voltage - video",
		  "value": 333,
		  "enable": true,
		  "class": "vBatVidSettings"
		},
		{
		  "code": "Amps",
		  "position": 23,
		  "label": "Amps",
		  "value": 369,
		  "enable": true,
		  "class": "ampSettings"
		},
		{
		  "code": "mAh",
		  "position": 24,
		  "label": "mAh",
		  "value": 376,
		  "enable": true,
		  "class": "mahSettings"
		},
		{
		  "code": "AHI-horizon",
		  "position": 25,
		  "label": "AHI-horizon",
		  "value": 187,
		  "enable": false,
		  "class": "ahiHorizon"
		},
		{
		  "code": "AHI-sidebars",
		  "position": 26,
		  "label": "AHI-sidebars",
		  "value": 194,
		  "enable": true,
		  "ahiSidebars": "ahiSidebars"
		},
		{
		  "code": "AHI-changeicon",
		  "position": 27,
		  "label": "AHI-change icon",
		  "value": 187,
		  "enable": true,
		  "class": "ahiSidebarsIcon"
		},
		{
		  "code": "SidebarHeight",
		  "position": 28,
		  "label": "Sidebar Height",
		  "value": 3,
		  "enable": false,
		  "class": "ahiSidebarsHeight"
		},
		{
		  "code": "SidebarWidth",
		  "position": 29,
		  "label": "Sidebar Width",
		  "value": 7,
		  "enable": true
		},
		{
		  "code": "Gimbal",
		  "position": 30,
		  "label": "Gimbal",
		  "value": 122,
		  "enable": false,
		  "class": "gymbal"
		},
		{
		  "code": "GPStime",
		  "position": 31,
		  "label": "GPS time",
		  "value": 341,
		  "enable": false
		},
		{
		  "code": "FRSkycells",
		  "position": 32,
		  "label": "FRSky cells",
		  "value": 232,
		  "enable": false
		},
		{
		  "code": "Mode",
		  "position": 33,
		  "label": "Mode",
		  "value": 92,
		  "enable": false,
		  "class": "mode"
		},
		{
		  "code": "Mapmode",
		  "position": 34,
		  "label": "Map Mode distance",
		  "value": 46,
		  "enable": false,
		  "class": "mapMode"
		},
		{
		  "code": "Mapcenter",
		  "position": 35,
		  "label": "Map Mode center",
		  "value": 195,
		  "enable": false,
		  "class": "mapCenter"
		},
		{
		  "code": "APstatus",
		  "position": 36,
		  "label": "AP status",
		  "value": 220,
		  "enable": false,
		  "class": "apStAtus"
		},
		{
		  "code": "Watts",
		  "position": 37,
		  "label": "Watts",
		  "value": 339,
		  "enable": false
		},
		{
		  "code": "Glidescope",
		  "position": 38,
		  "label": "Glidescope",
		  "value": 186,
		  "enable": false
		},
		{
		  "code": "CallSign",
		  "position": 39,
		  "label": "Call Sign",
		  "value": 280,
		  "enable": true,
		  "class": "callsign"
		},
		{
		  "code": "Debug",
		  "position": 40,
		  "label": "Debug",
		  "value": 220,
		  "enable": false
		}
	  ]
	},
	{
	  "name": "250 class",
	  "position": 10,
	  "elements": [
		{
		  "code": "Satindicator",
		  "position": 0,
		  "label": "Sat indicator",
		  "value": 32,
		  "enable": false,
		  "class": "gpsNumSettings"
		},
		{
		  "code": "Directionto home",
		  "position": 1,
		  "label": "Direction to home",
		  "value": 51,
		  "enable": false,
		  "class": "gpsDirectionSettings"
		},
		{
		  "code": "Distance",
		  "position": 2,
		  "label": "Distance",
		  "value": 54,
		  "enable": false,
		  "class": "gpsDistanceSettings"
		},
		{
		  "code": "Speed",
		  "position": 3,
		  "label": "Speed",
		  "value": 183,
		  "enable": false,
		  "class": "speedSettings"
		},
		{
		  "code": "Angleto home",
		  "position": 4,
		  "label": "Angle to home",
		  "value": 144,
		  "enable": false,
		  "class": "eagleToHomePositionSettings"
		},
		{
		  "code": "GPSaltitude",
		  "position": 5,
		  "label": "GPS altitude",
		  "value": 84,
		  "enable": false,
		  "class": "gpsAltitudeSettings"
		},
		{
		  "code": "Sensor",
		  "position": 6,
		  "label": "Sensor",
		  "value": 378,
		  "enable": true,
		  "class": "senzorsSettings"
		},
		{
		  "code": "Heading",
		  "position": 7,
		  "label": "Heading",
		  "value": 114,
		  "enable": false,
		  "class": "headingSettings"
		},
		{
		  "code": "Compass",
		  "position": 8,
		  "label": "Compass",
		  "value": 40,
		  "enable": false,
		  "class": "compassSettings"
		},
		{
		  "code": "Altitude",
		  "position": 9,
		  "label": "Altitude",
		  "value": 203,
		  "enable": false,
		  "class": "altitudeSettings"
		},
		{
		  "code": "ClimbRate",
		  "position": 10,
		  "label": "Climb Rate",
		  "value": 202,
		  "enable": false,
		  "class": "climbRateSettings"
		},
		{
		  "code": "Throttle",
		  "position": 11,
		  "label": "Throttle",
		  "value": 373,
		  "enable": false,
		  "class": "throttleSettings"
		},
		{
		  "code": "Unused",
		  "position": 12,
		  "label": "Unused",
		  "value": 382,
		  "enable": true,
		  "class": ""
		},
		{
		  "code": "Timer",
		  "position": 13,
		  "label": "Timer",
		  "value": 382,
		  "enable": true,
		  "class": "timerSettings"
		},
		{
		  "code": "ArmedStatus",
		  "position": 14,
		  "label": "Armed Status",
		  "value": 311,
		  "enable": true,
		  "class": "armedStatusSettings"
		},
		{
		  "code": "PitchAngle",
		  "position": 15,
		  "label": "Pitch Angle",
		  "value": 272,
		  "enable": false,
		  "class": "pichAngleSettings"
		},
		{
		  "code": "RollAngle",
		  "position": 16,
		  "label": "Roll Angle",
		  "value": 285,
		  "enable": false,
		  "class": "rollAngleSettings"
		},
		{
		  "code": "Latitude",
		  "position": 17,
		  "label": "Latitude",
		  "value": 2,
		  "enable": false,
		  "class": "latitudeSettings"
		},
		{
		  "code": "Longitude",
		  "position": 18,
		  "label": "Longitude",
		  "value": 17,
		  "enable": false,
		  "class": "longtitudeSettings"
		},
		{
		  "code": "RSSI",
		  "position": 19,
		  "label": "RSSI",
		  "value": 369,
		  "enable": true,
		  "class": "rssiSettings"
		},
		{
		  "code": "Temperature",
		  "position": 20,
		  "label": "Temperature",
		  "value": 213,
		  "enable": false,
		  "class": "tempeatureSettings"
		},
		{
		  "code": "Voltage- main",
		  "position": 21,
		  "label": "Voltage - main",
		  "value": 363,
		  "enable": true,
		  "class": "vBatSettings"
		},
		{
		  "code": "Voltage- video",
		  "position": 22,
		  "label": "Voltage - video",
		  "value": 303,
		  "enable": false,
		  "class": "vBatVidSettings"
		},
		{
		  "code": "Amps",
		  "position": 23,
		  "label": "Amps",
		  "value": 332,
		  "enable": true,
		  "class": "ampSettings"
		},
		{
		  "code": "mAh",
		  "position": 24,
		  "label": "mAh",
		  "value": 352,
		  "enable": true,
		  "class": "mahSettings"
		},
		{
		  "code": "AHI-horizon",
		  "position": 25,
		  "label": "AHI-horizon",
		  "value": 187,
		  "enable": false,
		  "class": "ahiHorizon"
		},
		{
		  "code": "AHI-sidebars",
		  "position": 26,
		  "label": "AHI-sidebars",
		  "value": 194,
		  "enable": false,
		  "ahiSidebars": "ahiSidebars"
		},
		{
		  "code": "AHI-changeicon",
		  "position": 27,
		  "label": "AHI-change icon",
		  "value": 187,
		  "enable": false,
		  "class": "ahiSidebarsIcon"
		},
		{
		  "code": "SidebarHeight",
		  "position": 28,
		  "label": "Sidebar Height",
		  "value": 3,
		  "enable": false,
		  "class": "ahiSidebarsHeight"
		},
		{
		  "code": "SidebarWidth",
		  "position": 29,
		  "label": "Sidebar Width",
		  "value": 7,
		  "enable": false
		},
		{
		  "code": "Gimbal",
		  "position": 30,
		  "label": "Gimbal",
		  "value": 122,
		  "enable": false,
		  "class": "gymbal"
		},
		{
		  "code": "GPStime",
		  "position": 31,
		  "label": "GPS time",
		  "value": 341,
		  "enable": false
		},
		{
		  "code": "FRSkycells",
		  "position": 32,
		  "label": "FRSky cells",
		  "value": 232,
		  "enable": false
		},
		{
		  "code": "Mode",
		  "position": 33,
		  "label": "Mode",
		  "value": 369,
		  "enable": false,
		  "class": "mode"
		},
		{
		  "code": "Mapmode",
		  "position": 34,
		  "label": "Map Mode distance",
		  "value": 46,
		  "enable": false,
		  "class": "mapMode"
		},
		{
		  "code": "Mapcenter",
		  "position": 35,
		  "label": "Map Mode center",
		  "value": 195,
		  "enable": false,
		  "class": "mapCenter"
		},
		{
		  "code": "APstatus",
		  "position": 36,
		  "label": "AP status",
		  "value": 70,
		  "enable": false,
		  "class": "apStAtus"
		},
		{
		  "code": "Watts",
		  "position": 37,
		  "label": "Watts",
		  "value": 339,
		  "enable": false
		},
		{
		  "code": "Glidescope",
		  "position": 38,
		  "label": "Glidescope",
		  "value": 186,
		  "enable": false
		},
		{
		  "code": "CallSign",
		  "position": 39,
		  "label": "Call Sign",
		  "value": 280,
		  "enable": true,
		  "class": "callsign"
		},
		{
		  "code": "Debug",
		  "position": 40,
		  "label": "Debug",
		  "value": 220,
		  "enable": true
		}
	  ]
	},
	{
	  "name": "Aerial Photography",
	  "position": 11,
	  "elements": [
		{
		  "code": "Satindicator",
		  "position": 0,
		  "label": "Sat indicator",
		  "value": 47,
		  "enable": true,
		  "class": "gpsNumSettings"
		},
		{
		  "code": "Directionto home",
		  "position": 1,
		  "label": "Direction to home",
		  "value": 344,
		  "enable": true,
		  "class": "gpsDirectionSettings"
		},
		{
		  "code": "Distance",
		  "position": 2,
		  "label": "Distance",
		  "value": 40,
		  "enable": true,
		  "class": "gpsDistanceSettings"
		},
		{
		  "code": "Speed",
		  "position": 3,
		  "label": "Speed",
		  "value": 33,
		  "enable": true,
		  "class": "speedSettings"
		},
		{
		  "code": "Angleto home",
		  "position": 4,
		  "label": "Angle to home",
		  "value": 144,
		  "enable": false,
		  "class": "eagleToHomePositionSettings"
		},
		{
		  "code": "GPSaltitude",
		  "position": 5,
		  "label": "GPS altitude",
		  "value": 84,
		  "enable": false,
		  "class": "gpsAltitudeSettings"
		},
		{
		  "code": "Sensor",
		  "position": 6,
		  "label": "Sensor",
		  "value": 36,
		  "enable": false,
		  "class": "senzorsSettings"
		},
		{
		  "code": "Heading",
		  "position": 7,
		  "label": "Heading",
		  "value": 114,
		  "enable": false,
		  "class": "headingSettings"
		},
		{
		  "code": "Compass",
		  "position": 8,
		  "label": "Compass",
		  "value": 370,
		  "enable": true,
		  "class": "compassSettings"
		},
		{
		  "code": "Altitude",
		  "position": 9,
		  "label": "Altitude",
		  "value": 54,
		  "enable": true,
		  "class": "altitudeSettings"
		},
		{
		  "code": "ClimbRate",
		  "position": 10,
		  "label": "Climb Rate",
		  "value": 202,
		  "enable": false,
		  "class": "climbRateSettings"
		},
		{
		  "code": "Throttle",
		  "position": 11,
		  "label": "Throttle",
		  "value": 352,
		  "enable": false,
		  "class": "throttleSettings"
		},
		{
		  "code": "Unused",
		  "position": 12,
		  "label": "Unused",
		  "value": 382,
		  "enable": true,
		  "class": ""
		},
		{
		  "code": "Timer",
		  "position": 13,
		  "label": "Timer",
		  "value": 382,
		  "enable": true,
		  "class": "timerSettings"
		},
		{
		  "code": "ArmedStatus",
		  "position": 14,
		  "label": "Armed Status",
		  "value": 311,
		  "enable": true,
		  "class": "armedStatusSettings"
		},
		{
		  "code": "PitchAngle",
		  "position": 15,
		  "label": "Pitch Angle",
		  "value": 233,
		  "enable": false,
		  "class": "pichAngleSettings"
		},
		{
		  "code": "RollAngle",
		  "position": 16,
		  "label": "Roll Angle",
		  "value": 263,
		  "enable": false,
		  "class": "rollAngleSettings"
		},
		{
		  "code": "Latitude",
		  "position": 17,
		  "label": "Latitude",
		  "value": 2,
		  "enable": false,
		  "class": "latitudeSettings"
		},
		{
		  "code": "Longitude",
		  "position": 18,
		  "label": "Longitude",
		  "value": 17,
		  "enable": false,
		  "class": "longtitudeSettings"
		},
		{
		  "code": "RSSI",
		  "position": 19,
		  "label": "RSSI",
		  "value": 332,
		  "enable": true,
		  "class": "rssiSettings"
		},
		{
		  "code": "Temperature",
		  "position": 20,
		  "label": "Temperature",
		  "value": 213,
		  "enable": false,
		  "class": "tempeatureSettings"
		},
		{
		  "code": "Voltage- main",
		  "position": 21,
		  "label": "Voltage - main",
		  "value": 363,
		  "enable": true,
		  "class": "vBatSettings"
		},
		{
		  "code": "Voltage- video",
		  "position": 22,
		  "label": "Voltage - video",
		  "value": 303,
		  "enable": true,
		  "class": "vBatVidSettings"
		},
		{
		  "code": "Amps",
		  "position": 23,
		  "label": "Amps",
		  "value": 369,
		  "enable": true,
		  "class": "ampSettings"
		},
		{
		  "code": "mAh",
		  "position": 24,
		  "label": "mAh",
		  "value": 376,
		  "enable": true,
		  "class": "mahSettings"
		},
		{
		  "code": "AHI-horizon",
		  "position": 25,
		  "label": "AHI-horizon",
		  "value": 194,
		  "enable": true,
		  "class": "ahiHorizon"
		},
		{
		  "code": "AHI-sidebars",
		  "position": 26,
		  "label": "AHI-sidebars",
		  "value": 194,
		  "enable": true,
		  "ahiSidebars": "ahiSidebars"
		},
		{
		  "code": "AHI-changeicon",
		  "position": 27,
		  "label": "AHI-change icon",
		  "value": 187,
		  "enable": true,
		  "class": "ahiSidebarsIcon"
		},
		{
		  "code": "SidebarHeight",
		  "position": 28,
		  "label": "Sidebar Height",
		  "value": 3,
		  "enable": false,
		  "class": "ahiSidebarsHeight"
		},
		{
		  "code": "SidebarWidth",
		  "position": 29,
		  "label": "Sidebar Width",
		  "value": 11,
		  "enable": true
		},
		{
		  "code": "Gimbal",
		  "position": 30,
		  "label": "Gimbal",
		  "value": 353,
		  "enable": true,
		  "class": "gymbal"
		},
		{
		  "code": "GPStime",
		  "position": 31,
		  "label": "GPS time",
		  "value": 341,
		  "enable": false
		},
		{
		  "code": "FRSkycells",
		  "position": 32,
		  "label": "FRSky cells",
		  "value": 232,
		  "enable": false
		},
		{
		  "code": "Mode",
		  "position": 33,
		  "label": "Mode",
		  "value": 355,
		  "enable": true,
		  "class": "mode"
		},
		{
		  "code": "Mapmode",
		  "position": 34,
		  "label": "Map Mode distance",
		  "value": 46,
		  "enable": false,
		  "class": "mapMode"
		},
		{
		  "code": "Mapcenter",
		  "position": 35,
		  "label": "Map Mode center",
		  "value": 195,
		  "enable": false,
		  "class": "mapCenter"
		},
		{
		  "code": "APstatus",
		  "position": 36,
		  "label": "AP status",
		  "value": 70,
		  "enable": true,
		  "class": "apStAtus"
		},
		{
		  "code": "Watts",
		  "position": 37,
		  "label": "Watts",
		  "value": 339,
		  "enable": false
		},
		{
		  "code": "Glidescope",
		  "position": 38,
		  "label": "Glidescope",
		  "value": 186,
		  "enable": false
		},
		{
		  "code": "CallSign",
		  "position": 39,
		  "label": "Call Sign",
		  "value": 280,
		  "enable": true,
		  "class": "callsign"
		},
		{
		  "code": "Debug",
		  "position": 40,
		  "label": "Debug",
		  "value": 220,
		  "enable": true
		}
	  ]
	},
	{
	  "name": "EAGLE",
	  "position": 12,
	  "elements": [
		{
		  "code": "Satindicator",
		  "position": 0,
		  "label": "Sat indicator",
		  "value": 49,
		  "enable": false,
		  "class": "gpsNumSettings"
		},
		{
		  "code": "Directionto home",
		  "position": 1,
		  "label": "Direction to home",
		  "value": 49,
		  "enable": true,
		  "class": "gpsDirectionSettings"
		},
		{
		  "code": "Distance",
		  "position": 2,
		  "label": "Distance",
		  "value": 41,
		  "enable": true,
		  "class": "gpsDistanceSettings"
		},
		{
		  "code": "Speed",
		  "position": 3,
		  "label": "Speed",
		  "value": 33,
		  "enable": true,
		  "class": "speedSettings"
		},
		{
		  "code": "Angleto home",
		  "position": 4,
		  "label": "Angle to home",
		  "value": 144,
		  "enable": false,
		  "class": "eagleToHomePositionSettings"
		},
		{
		  "code": "GPSaltitude",
		  "position": 5,
		  "label": "GPS altitude",
		  "value": 234,
		  "enable": false,
		  "class": "gpsAltitudeSettings"
		},
		{
		  "code": "Sensor",
		  "position": 6,
		  "label": "Sensor",
		  "value": 212,
		  "enable": false,
		  "class": "senzorsSettings"
		},
		{
		  "code": "Heading",
		  "position": 7,
		  "label": "Heading",
		  "value": 234,
		  "enable": false,
		  "class": "headingSettings"
		},
		{
		  "code": "Compass",
		  "position": 8,
		  "label": "Compass",
		  "value": 39,
		  "enable": false,
		  "class": "compassSettings"
		},
		{
		  "code": "Altitude",
		  "position": 9,
		  "label": "Altitude",
		  "value": 53,
		  "enable": true,
		  "class": "altitudeSettings"
		},
		{
		  "code": "ClimbRate",
		  "position": 10,
		  "label": "Climb Rate",
		  "value": 233,
		  "enable": false,
		  "class": "climbRateSettings"
		},
		{
		  "code": "Throttle",
		  "position": 11,
		  "label": "Throttle",
		  "value": 352,
		  "enable": false,
		  "class": "throttleSettings"
		},
		{
		  "code": "Unused",
		  "position": 12,
		  "label": "Unused",
		  "value": 382,
		  "enable": true,
		  "class": ""
		},
		{
		  "code": "Timer",
		  "position": 13,
		  "label": "Timer",
		  "value": 382,
		  "enable": true,
		  "class": "timerSettings"
		},
		{
		  "code": "ArmedStatus",
		  "position": 14,
		  "label": "Armed Status",
		  "value": 311,
		  "enable": true,
		  "class": "armedStatusSettings"
		},
		{
		  "code": "PitchAngle",
		  "position": 15,
		  "label": "Pitch Angle",
		  "value": 272,
		  "enable": false,
		  "class": "pichAngleSettings"
		},
		{
		  "code": "RollAngle",
		  "position": 16,
		  "label": "Roll Angle",
		  "value": 285,
		  "enable": false,
		  "class": "rollAngleSettings"
		},
		{
		  "code": "Latitude",
		  "position": 17,
		  "label": "Latitude",
		  "value": 2,
		  "enable": true,
		  "class": "latitudeSettings"
		},
		{
		  "code": "Longitude",
		  "position": 18,
		  "label": "Longitude",
		  "value": 17,
		  "enable": true,
		  "class": "longtitudeSettings"
		},
		{
		  "code": "RSSI",
		  "position": 19,
		  "label": "RSSI",
		  "value": 332,
		  "enable": false,
		  "class": "rssiSettings"
		},
		{
		  "code": "Temperature",
		  "position": 20,
		  "label": "Temperature",
		  "value": 212,
		  "enable": false,
		  "class": "tempeatureSettings"
		},
		{
		  "code": "Voltage- main",
		  "position": 21,
		  "label": "Voltage - main",
		  "value": 363,
		  "enable": true,
		  "class": "vBatSettings"
		},
		{
		  "code": "Voltage- video",
		  "position": 22,
		  "label": "Voltage - video",
		  "value": 303,
		  "enable": false,
		  "class": "vBatVidSettings"
		},
		{
		  "code": "Amps",
		  "position": 23,
		  "label": "Amps",
		  "value": 368,
		  "enable": true,
		  "class": "ampSettings"
		},
		{
		  "code": "mAh",
		  "position": 24,
		  "label": "mAh",
		  "value": 376,
		  "enable": true,
		  "class": "mahSettings"
		},
		{
		  "code": "AHI-horizon",
		  "position": 25,
		  "label": "AHI-horizon",
		  "value": 194,
		  "enable": false,
		  "class": "ahiHorizon"
		},
		{
		  "code": "AHI-sidebars",
		  "position": 26,
		  "label": "AHI-sidebars",
		  "value": 185,
		  "enable": true,
		  "ahiSidebars": "ahiSidebars"
		},
		{
		  "code": "AHI-changeicon",
		  "position": 27,
		  "label": "AHI-change icon",
		  "value": 187,
		  "enable": true,
		  "class": "ahiSidebarsIcon"
		},
		{
		  "code": "SidebarHeight",
		  "position": 28,
		  "label": "Sidebar Height",
		  "value": 4,
		  "enable": false,
		  "class": "ahiSidebarsHeight"
		},
		{
		  "code": "SidebarWidth",
		  "position": 29,
		  "label": "Sidebar Width",
		  "value": 11,
		  "enable": true
		},
		{
		  "code": "Gimbal",
		  "position": 30,
		  "label": "Gimbal",
		  "value": 122,
		  "enable": false,
		  "class": "gymbal"
		},
		{
		  "code": "GPStime",
		  "position": 31,
		  "label": "GPS time",
		  "value": 341,
		  "enable": false
		},
		{
		  "code": "FRSkycells",
		  "position": 32,
		  "label": "FRSky cells",
		  "value": 232,
		  "enable": false
		},
		{
		  "code": "Mode",
		  "position": 33,
		  "label": "Mode",
		  "value": 37,
		  "enable": true,
		  "class": "mode"
		},
		{
		  "code": "Mapmode",
		  "position": 34,
		  "label": "Map Mode distance",
		  "value": 47,
		  "enable": true,
		  "class": "mapMode"
		},
		{
		  "code": "Mapcenter",
		  "position": 35,
		  "label": "Map Mode center",
		  "value": 194,
		  "enable": true,
		  "class": "mapCenter"
		},
		{
		  "code": "APstatus",
		  "position": 36,
		  "label": "AP status",
		  "value": 195,
		  "enable": false,
		  "class": "apStAtus"
		},
		{
		  "code": "Watts",
		  "position": 37,
		  "label": "Watts",
		  "value": 339,
		  "enable": false
		},
		{
		  "code": "Glidescope",
		  "position": 38,
		  "label": "Glidescope",
		  "value": 186,
		  "enable": false
		},
		{
		  "code": "CallSign",
		  "position": 39,
		  "label": "Call Sign",
		  "value": 280,
		  "enable": true,
		  "class": "callsign"
		},
		{
		  "code": "Debug",
		  "position": 40,
		  "label": "Debug",
		  "value": 220,
		  "enable": true
		}
	  ]
	}
  ]
}
